,Rua,Bairro,Cidade,Metragem,Quartos,Banheiros,Vagas,Valor
151,Rua Fonseca da Costa,Bosque da Saúde,São Paulo,650,4,6,12,"R$ 11.000
                      /Mês"
156,,Jardim Paulistano,São Paulo,230,2,3,2,"R$ 12.000
                      /Mês"
175,Rua Maestro Elias Lobo,Jardim Paulista,São Paulo,542,5,8,4,"R$ 25.000
                      /Mês"
178,Rua Guararapes,Lapa,São Paulo,515,3,5,8,"R$ 30.000
                      /Mês"
182,Rua Alvarenga,Butantã,São Paulo,400,4,3,4,"R$ 10.000
                      /Mês"
184,Rua Otávio Tarquínio de Sousa,Campo Belo,São Paulo,160,3,4,2,"R$ 4.500
                      /Mês"
188,,Jardim Guedala,São Paulo,431,4,5,5,"R$ 30.000
                      /Mês"
191,,Morumbi,São Paulo,1800,3,5,6,"R$ 80.000
                      /Mês"
200,Rua Major Newton de Feliciano,Jardim Aurélia,São Paulo,480,4,6,6,"R$ 25.000
                      /Mês"
212,,Vila Sônia,São Paulo,480,3,5,4,"R$ 7.000
                      /Mês"
220,,Cidade Jardim,São Paulo,1000,5,5,8,"R$ 40.000
                      /Mês"
226,Rua Banibás,Alto de Pinheiros,São Paulo,297,4,5,4,"R$ 15.500
                      /Mês"
234,,Jardim Sílvia (Zona Oeste),São Paulo,1100,4,6,8,"R$ 30.000
                      /Mês"
246,Rua Felício Tarabai,Barro Branco (Zona Norte),São Paulo,215,3,3,4,"R$ 6.000
                      /Mês"
251,,Interlagos,São Paulo,793,4,7,6,"R$ 11.000
                      /Mês"
257,Rua Fonseca da Costa,Bosque da Saúde,São Paulo,650,4,7,12,"R$ 11.000
                      /Mês"
262,Rua Bertioga,Chácara Inglesa,São Paulo,140,6,3,2,"R$ 7.500
                      /Mês"
275,Rua das Begônias,Cidade Jardim,São Paulo,580,4,5,5,"R$ 10.000
                      /Mês"
277,Rua Guaonés,Jardim Guedala,São Paulo,550,4,6,6,"R$ 10.000
                      /Mês"
283,Rua Juvenal Galeno,Jardim da Saúde,São Paulo,388,4,1,7,"R$ 6.000
                      /Mês"
289,Rua Baiás,Boaçava,São Paulo,400,3,4,4,"R$ 15.000
                      /Mês"
335,,Jardim Santo Amaro,São Paulo,440,4,4,2,"R$ 12.000
                      /Mês"
350,Praça Sílvio de Almeida,Pacaembu,São Paulo,550,4,4,9,"R$ 20.000
                      /Mês"
359,Rua Veraldo José de Souza,Jardim D'Abril,São Paulo,200,3,3,2,"R$ 1.650
                      /Mês"
372,Rua Manuel Pereira Guimarães,Granja Julieta,São Paulo,120,5,4,2,"R$ 3.500
                      /Mês"
386,Rua Iraci,Jardim Paulistano,São Paulo,136,3,4,3,"R$ 8.000
                      /Mês"
391,Rua Honduras,Jardim Paulista,São Paulo,500,4,7,8,"R$ 29.000
                      /Mês"
405,,Vila Madalena,São Paulo,35,1,1,1,"R$ 2.800
                      /Mês"
406,,Jardim Europa,São Paulo,520,4,6,4,"R$ 45.000
                      /Mês"
412,,Vila Madalena,São Paulo,40,1,1,1,"R$ 2.800
                      /Mês"
413,,Jardim Europa,São Paulo,525,4,6,4,"R$ 45.000
                      /Mês"
435,Rua General Euclides Figueiredo,Morumbi,São Paulo,550,4,7,3,"R$ 13.000
                      /Mês"
438,Rua Assungui,Vila Gumercindo,São Paulo,500,1,1,1,"R$ 10.000
                      /Mês"
440,,Alto da Lapa,São Paulo,200,4,4,2,"R$ 3.800
                      /Mês"
442,Rua Califórnia,Cidade Monções,São Paulo,117,3,3,1,"R$ 4.500
                      /Mês"
449,Avenida Indianópolis,Indianópolis,São Paulo,420,4,3,2,"R$ 12.000
                      /Mês"
460,Rua Senador Vergueiro,Santo Amaro,São Paulo,380,4,4,8,"R$ 11.000
                      /Mês"
468,,Jardim Guedala,São Paulo,430,4,6,4,"R$ 10.800
                      /Mês"
472,Rua Itaperuna,Pacaembu,São Paulo,380,4,6,3,"R$ 20.000
                      /Mês"
490,Rua General Lecor,Ipiranga,São Paulo,106,2,1,1,"R$ 5.000
                      /Mês"
521,Avenida das Magnólias,Cidade Jardim,São Paulo,1574,4,5,4,"R$ 28.000
                      /Mês"
555,,Vila Morumbi,São Paulo,952,4,5,15,"R$ 30.000
                      /Mês"
608,Rua Modesto Tavares de Lima,Butantã,São Paulo,380,4,5,7,"R$ 10.000
                      /Mês"
616,Rua Eliseu Visconti,Paineiras do Morumbi,São Paulo,780,4,6,3,"R$ 22.000
                      /Mês"
621,Rua José de Freitas Guimarães,Pacaembu,São Paulo,710,4,6,5,"R$ 45.000
                      /Mês"
625,Rua Panamá,Jardim América,São Paulo,660,3,5,6,"R$ 40.000
                      /Mês"
632,Rua Eliseu Visconti,Paineiras do Morumbi,São Paulo,785,4,6,3,"R$ 22.000
                      /Mês"
637,Rua José de Freitas Guimarães,Pacaembu,São Paulo,715,4,6,5,"R$ 45.000
                      /Mês"
641,Rua Panamá,Jardim América,São Paulo,665,3,5,6,"R$ 40.000
                      /Mês"
661,Rua Barão da Passagem,Bela Aliança,São Paulo,650,4,5,6,"R$ 15.000
                      /Mês"
664,Rua Barão da Passagem,Bela Aliança,São Paulo,655,4,5,6,"R$ 15.000
                      /Mês"
691,Rua José de Freitas Guimarães,Pacaembu,São Paulo,300,4,4,4,"R$ 11.000
                      /Mês"
721,Rua Campo Verde,Jardim Europa,São Paulo,554,4,6,4,"R$ 45.000
                      /Mês"
724,Rua Mário Gonçalves de Oliveira,Fazenda Morumbi,São Paulo,650,4,5,8,"R$ 15.000
                      /Mês"
728,Rua dos Limantos,Cidade Jardim,São Paulo,700,3,3,4,"R$ 15.000
                      /Mês"
749,Avenida George Saville Dodd,Jardim Guedala,São Paulo,550,4,5,8,"R$ 20.000
                      /Mês"
750,Praça Renzo Pagliari,Cidade Jardim,São Paulo,1000,4,4,10,"R$ 45.000
                      /Mês"
752,Rua Cardeal Cagliori,Alto de Pinheiros,São Paulo,399,3,5,8,"R$ 16.000
                      /Mês"
768,Rua Silveira Sampaio,Fazenda Morumbi,São Paulo,1000,5,4,4,"R$ 35.000
                      /Mês"
770,Rua Feliciano Maia,Jardim Paulista,São Paulo,452,5,5,8,"R$ 35.000
                      /Mês"
772,Avenida George Saville Dodd,Jardim Guedala,São Paulo,555,4,5,8,"R$ 20.000
                      /Mês"
773,Praça Renzo Pagliari,Cidade Jardim,São Paulo,1005,4,4,10,"R$ 45.000
                      /Mês"
775,Rua Cardeal Cagliori,Alto de Pinheiros,São Paulo,404,3,5,8,"R$ 16.000
                      /Mês"
792,Rua Silveira Sampaio,Fazenda Morumbi,São Paulo,1005,5,4,4,"R$ 35.000
                      /Mês"
794,Rua Feliciano Maia,Jardim Paulista,São Paulo,457,5,5,8,"R$ 35.000
                      /Mês"
798,Rua Noruega,Jardim Europa,São Paulo,540,4,4,4,"R$ 25.000
                      /Mês"
800,Rua Miranda Guerra,Jardim Petrópolis,São Paulo,900,4,6,12,"R$ 30.000
                      /Mês"
820,Rua Campos,Vila Inah,São Paulo,700,3,7,4,"R$ 15.000
                      /Mês"
827,Rua Stefan Marek Neuding,Jardim Sílvia (Zona Oeste),São Paulo,780,4,6,8,"R$ 40.000
                      /Mês"
835,Rua Doutor Abelardo Vergueiro César,Vila Alexandria,São Paulo,580,6,4,5,"R$ 10.000
                      /Mês"
837,Rua Doutor Queirós Guimarães,Jardim Guedala,São Paulo,680,5,6,4,"R$ 35.000
                      /Mês"
840,Rua Ceará,Consolação,São Paulo,420,4,7,5,"R$ 20.000
                      /Mês"
843,Rua Professor Tranquilli,Vila Mariana,São Paulo,60,1,1,1,"R$ 2.100
                      /Mês"
865,Rua das Zínias,Cidade Jardim,São Paulo,550,5,3,4,"R$ 25.000
                      /Mês"
866,Rua Cardeal Arcoverde,Pinheiros,São Paulo,130,4,2,1,"R$ 5.900
                      /Mês"
869,Rua Pirandello,Brooklin Paulista,São Paulo,480,5,6,6,"R$ 15.000
                      /Mês"
871,Rua Visconde de Porto Seguro,Jardim dos Estados,São Paulo,570,4,4,5,"R$ 20.000
                      /Mês"
874,Rua Jaguanambi,Cidade Jardim,São Paulo,580,3,4,4,"R$ 20.000
                      /Mês"
895,Rua das Zínias,Cidade Jardim,São Paulo,555,5,3,4,"R$ 25.000
                      /Mês"
896,Rua Cardeal Arcoverde,Pinheiros,São Paulo,135,4,2,1,"R$ 5.900
                      /Mês"
899,Rua Pirandello,Brooklin Paulista,São Paulo,485,5,6,6,"R$ 15.000
                      /Mês"
902,Rua Visconde de Porto Seguro,Jardim dos Estados,São Paulo,575,4,4,5,"R$ 20.000
                      /Mês"
905,Rua Jaguanambi,Cidade Jardim,São Paulo,585,3,4,4,"R$ 20.000
                      /Mês"
919,Rua Desembargador Joaquim Barbosa de Almeida,Alto de Pinheiros,São Paulo,392,4,4,3,"R$ 20.000
                      /Mês"
924,Rua Marcondésia,Chácara Monte Alegre,São Paulo,800,4,6,5,"R$ 65.000
                      /Mês"
945,Rua Doutor Manuel Carlos de Figueiredo Ferraz,Jardim Morumbi,São Paulo,1200,5,5,6,"R$ 30.000
                      /Mês"
959,Rua Professor Luiz Oliani,Morumbi,São Paulo,1100,4,9,18,"R$ 60.000
                      /Mês"
965,,Alto de Pinheiros,São Paulo,495,4,4,10,"R$ 18.000
                      /Mês"
996,Rua Diogo Pereira,Super Quadra Morumbi,São Paulo,359,4,4,3,"R$ 17.000
                      /Mês"
998,Rua Francisco Olandim,São João Clímaco,São Paulo,212,3,4,3,"R$ 5.500
                      /Mês"
1000,,Jardim Europa,São Paulo,500,4,5,3,"R$ 50.000
                      /Mês"
1011,Rua Hollywood,Cidade Monções,São Paulo,200,1,1,3,"R$ 14.000
                      /Mês"
1012,,Jardim América,São Paulo,850,5,5,6,"R$ 70.000
                      /Mês"
1019,Rua Trinta e Um de Março,Fazenda Morumbi,São Paulo,440,3,7,4,"R$ 15.000
                      /Mês"
1020,Rua Argentina,Jardim América,São Paulo,880,3,5,10,"R$ 65.000
                      /Mês"
1037,Rua Atenas,Jardim Europa,São Paulo,300,2,4,5,"R$ 15.000
                      /Mês"
1040,Rua Oliveira Lima,Cambuci,São Paulo,189,3,3,2,"R$ 3.500
                      /Mês"
1046,,Jardim Everest,São Paulo,956,5,6,6,"R$ 49.500
                      /Mês"
1050,,Santo Amaro,São Paulo,700,4,6,6,"R$ 34.000
                      /Mês"
1071,,Vila Nova Conceição,São Paulo,229,3,2,1,"R$ 18.500
                      /Mês"
1074,Rua Atenas,Jardim Europa,São Paulo,305,2,4,5,"R$ 15.000
                      /Mês"
1077,Rua Oliveira Lima,Cambuci,São Paulo,194,3,3,2,"R$ 3.500
                      /Mês"
1083,,Jardim Everest,São Paulo,961,5,6,6,"R$ 49.500
                      /Mês"
1087,,Santo Amaro,São Paulo,705,4,6,6,"R$ 34.000
                      /Mês"
1097,Rua Armando Penteado,Higienópolis,São Paulo,530,3,4,6,"R$ 25.000
                      /Mês"
1104,Rua Trinta e Um de Março,Fazenda Morumbi,São Paulo,1500,4,5,7,"R$ 60.000
                      /Mês"
1107,Rua Joaquim Cândido de Azevedo Marques,Vila Morumbi,São Paulo,952,4,5,6,"R$ 30.000
                      /Mês"
1108,Rua Sanharó,Jardim Guedala,São Paulo,470,4,5,4,"R$ 15.000
                      /Mês"
1125,,Jardim Paulistano,São Paulo,300,4,4,3,"R$ 11.000
                      /Mês"
1141,Rua Conde de Sousel,Jardim das Bandeiras,São Paulo,370,2,1,3,"R$ 20.000
                      /Mês"
1155,Rua do Minho,Jardim Luzitânia,São Paulo,360,4,7,3,"R$ 13.000
                      /Mês"
1162,,Jardim Guedala,São Paulo,480,4,5,5,"R$ 25.000
                      /Mês"
1166,Rua das Malvas,Cidade Jardim,São Paulo,590,4,3,2,"R$ 10.000
                      /Mês"
1175,Rua Conde de Sousel,Jardim das Bandeiras,São Paulo,375,2,1,3,"R$ 20.000
                      /Mês"
1190,Rua do Minho,Jardim Luzitânia,São Paulo,365,4,7,3,"R$ 13.000
                      /Mês"
1197,,Jardim Guedala,São Paulo,485,4,5,5,"R$ 25.000
                      /Mês"
1201,Rua das Malvas,Cidade Jardim,São Paulo,595,4,3,2,"R$ 10.000
                      /Mês"
1205,Rua Atlântica,Jardim América,São Paulo,600,3,5,4,"R$ 28.000
                      /Mês"
1218,Rua Teixeira de Freitas,Santo Amaro,São Paulo,800,6,10,8,"R$ 55.000
                      /Mês"
1224,Rua Ourânia,Vila Madalena,São Paulo,591,4,7,5,"R$ 20.000
                      /Mês"
1235,Rua Albertina de Oliveira Godinho,Jardim Guedala,São Paulo,880,4,5,5,"R$ 12.000
                      /Mês"
1268,Rua do Grito,Ipiranga,São Paulo,261,2,3,2,"R$ 3.500
                      /Mês"
1285,Rua Orlando Murgel,Parque Jabaquara,São Paulo,377,3,3,4,"R$ 6.000
                      /Mês"
1291,Rua Antônio de Macedo Soares,Campo Belo,São Paulo,380,3,4,5,"R$ 10.000
                      /Mês"
1306,Rua Antônio de Gouveia Giudice,Alto de Pinheiros,São Paulo,500,4,5,5,"R$ 28.000
                      /Mês"
1308,Rua Sampaio Vidal,Jardim Paulistano,São Paulo,191,2,4,2,"R$ 28.800
                      /Mês"
1314,Rua Antônio de Gouveia Giudice,Alto de Pinheiros,São Paulo,505,4,5,5,"R$ 28.000
                      /Mês"
1316,Rua Sampaio Vidal,Jardim Paulistano,São Paulo,196,2,4,2,"R$ 28.800
                      /Mês"
1330,Rua Dom Henrique,Jardim Luzitânia,São Paulo,394,4,4,4,"R$ 14.000
                      /Mês"
1334,Rua Itápolis,Pacaembu,São Paulo,960,3,3,12,"R$ 20.000
                      /Mês"
1351,Rua Antônio de Macedo Soares,Campo Belo,São Paulo,385,3,4,5,"R$ 10.000
                      /Mês"
1367,Rua Antônio de Gouveia Giudice,Alto de Pinheiros,São Paulo,505,4,5,5,"R$ 28.000
                      /Mês"
1369,Rua Sampaio Vidal,Jardim Paulistano,São Paulo,196,2,4,2,"R$ 28.800
                      /Mês"
1399,Rua Sampaio Vidal,Jardim Paulistano,São Paulo,450,4,6,4,"R$ 18.000
                      /Mês"
1435,,Consolação,São Paulo,470,4,6,4,"R$ 30.000
                      /Mês"
1445,Rua do Minho,Jardim Luzitânia,São Paulo,300,3,5,5,"R$ 13.000
                      /Mês"
1455,Rua Guaibim,Vila Buenos Aires,São Paulo,300,1,4,8,"R$ 2.800
                      /Mês"
1475,,Vila Olímpia,São Paulo,165,3,4,2,"R$ 6.000
                      /Mês"
1486,,Pacaembu,São Paulo,460,4,3,4,"R$ 27.000
                      /Mês"
1490,,Vila Progredior,São Paulo,400,3,4,3,"R$ 8.000
                      /Mês"
1497,Rua Wagih Assad Abdalla,Morumbi,São Paulo,678,4,7,4,"R$ 14.000
                      /Mês"
1503,Rua Senador Vergueiro,Santo Amaro,São Paulo,294,4,7,3,"R$ 15.000
                      /Mês"
1514,Rua Guaibim,Vila Buenos Aires,São Paulo,305,1,4,8,"R$ 2.800
                      /Mês"
1532,Rua Albertina de Oliveira Godinho,Jardim Guedala,São Paulo,900,4,5,5,"R$ 15.000
                      /Mês"
1534,Rua Holanda,Jardim Europa,São Paulo,400,4,3,8,"R$ 16.000
                      /Mês"
1539,Rua Barão de São Gabriel,Bela Aliança,São Paulo,600,4,5,4,"R$ 9.000
                      /Mês"
1593,Rua Ana Vieira de Carvalho,Jardim Panorama,São Paulo,274,4,5,6,"R$ 25.000
                      /Mês"
1597,Rua Panamá,Jardim América,São Paulo,620,4,5,6,"R$ 50.000
                      /Mês"
1602,Rua Rita Joana de Sousa,Brooklin Novo,São Paulo,300,4,4,3,"R$ 15.000
                      /Mês"
1612,Rua Veneza,Jardim Paulista,São Paulo,303,4,8,2,"R$ 30.000
                      /Mês"
1627,Rua Galeno de Almeida,Pinheiros,São Paulo,110,3,2,2,"R$ 8.726
                      /Mês"
1630,Rua Teodoro Ramos,Pacaembu,São Paulo,268,3,6,2,"R$ 15.000
                      /Mês"
1649,Rua Itapirapuã,Jardim América,São Paulo,230,3,3,1,"R$ 11.000
                      /Mês"
1658,,Fazenda Morumbi,São Paulo,650,5,8,6,"R$ 16.000
                      /Mês"
1663,Rua Doutor Numa Pereira do Vale,Aclimação,São Paulo,336,4,1,2,"R$ 8.000
                      /Mês"
1668,Rua Antilhas,Jardim América,São Paulo,600,5,3,9,"R$ 42.000
                      /Mês"
1672,Rua Rita Joana de Sousa,Brooklin Novo,São Paulo,305,4,4,3,"R$ 15.000
                      /Mês"
1682,Rua Veneza,Jardim Paulista,São Paulo,308,4,8,2,"R$ 30.000
                      /Mês"
1697,Rua Galeno de Almeida,Pinheiros,São Paulo,115,3,2,2,"R$ 8.726
                      /Mês"
1700,Rua Teodoro Ramos,Pacaembu,São Paulo,273,3,6,2,"R$ 15.000
                      /Mês"
1714,,Lapa,São Paulo,380,3,3,7,"R$ 10.000
                      /Mês"
1722,Rua Doutor Alberto Seabra,Vila Madalena,São Paulo,450,1,1,4,"R$ 12.000
                      /Mês"
1749,Rua Itapirapuã,Jardim América,São Paulo,235,3,3,1,"R$ 11.000
                      /Mês"
1758,,Fazenda Morumbi,São Paulo,655,5,8,6,"R$ 16.000
                      /Mês"
1763,Rua Doutor Numa Pereira do Vale,Aclimação,São Paulo,341,4,1,2,"R$ 8.000
                      /Mês"
1769,Rua Antilhas,Jardim América,São Paulo,605,5,3,9,"R$ 42.000
                      /Mês"
1772,,Jardim Guedala,São Paulo,455,4,5,4,"R$ 25.000
                      /Mês"
1797,Rua Circular do Bosque,Jardim Guedala,São Paulo,478,3,3,6,"R$ 30.000
                      /Mês"
1812,,Lapa,São Paulo,385,3,3,7,"R$ 10.000
                      /Mês"
1815,Rua Argentina,Jardim América,São Paulo,880,4,8,8,"R$ 65.000
                      /Mês"
1816,Avenida Professor Fonseca Rodrigues,Alto de Pinheiros,São Paulo,693,4,6,6,"R$ 45.000
                      /Mês"
1823,,Fazenda Morumbi,São Paulo,440,4,5,3,"R$ 20.000
                      /Mês"
1834,Alameda Gabriel Monteiro da Silva,Jardim América,São Paulo,477,4,5,5,"R$ 25.000
                      /Mês"
1859,Rua Argentina,Jardim América,São Paulo,860,3,6,13,"R$ 65.000
                      /Mês"
1862,,Jardim América,São Paulo,380,4,5,4,"R$ 25.000
                      /Mês"
1869,Rua Maria Luísa de Pinho,Parque da Mooca,São Paulo,520,4,4,6,"R$ 8.000
                      /Mês"
1906,Rua Argentina,Jardim América,São Paulo,885,4,8,8,"R$ 65.000
                      /Mês"
1907,Avenida Professor Fonseca Rodrigues,Alto de Pinheiros,São Paulo,698,4,6,6,"R$ 45.000
                      /Mês"
1915,,Fazenda Morumbi,São Paulo,445,4,5,3,"R$ 20.000
                      /Mês"
1926,Alameda Gabriel Monteiro da Silva,Jardim América,São Paulo,482,4,5,5,"R$ 25.000
                      /Mês"
1948,,Cidade Jardim,São Paulo,800,4,4,8,"R$ 45.000
                      /Mês"
1961,Rua Argentina,Jardim América,São Paulo,865,3,6,13,"R$ 65.000
                      /Mês"
1964,,Jardim América,São Paulo,385,4,5,4,"R$ 25.000
                      /Mês"
1971,Rua Maria Luísa de Pinho,Parque da Mooca,São Paulo,525,4,4,6,"R$ 8.000
                      /Mês"
1993,,Alto de Pinheiros,São Paulo,399,3,4,6,"R$ 13.000
                      /Mês"
2002,,Jardim Guedala,São Paulo,613,4,5,6,"R$ 20.000
                      /Mês"
2007,,Morumbi,São Paulo,660,5,4,4,"R$ 40.000
                      /Mês"
2009,,Vila Madalena,São Paulo,364,5,4,8,"R$ 18.000
                      /Mês"
2028,,Alto da Lapa,São Paulo,430,4,2,6,"R$ 10.000
                      /Mês"
2038,,Vila Madalena,São Paulo,250,1,3,4,"R$ 20.000
                      /Mês"
2039,,Jardim Europa,São Paulo,1250,4,4,6,"R$ 64.000
                      /Mês"
2053,,Jardim Monte Kemel,São Paulo,420,6,3,6,"R$ 15.000
                      /Mês"
2066,,Retiro Morumbi,São Paulo,850,4,6,9,"R$ 40.000
                      /Mês"
2068,,Alto da Lapa,São Paulo,250,3,4,3,"R$ 15.000
                      /Mês"
2079,,Vila Tramontano,São Paulo,1000,4,4,10,"R$ 25.000
                      /Mês"
2086,,Vila Tramontano,São Paulo,1300,6,8,9,"R$ 35.000
                      /Mês"
2092,,Vila Inah,São Paulo,485,4,6,7,"R$ 9.900
                      /Mês"
2101,,Jardim Leonor,São Paulo,1400,5,9,5,"R$ 55.000
                      /Mês"
2104,,Jardim Leonor,São Paulo,1405,5,9,5,"R$ 55.000
                      /Mês"
2118,,Jardim Sílvia (Zona Oeste),São Paulo,900,4,7,6,"R$ 40.000
                      /Mês"
2125,,Alto de Pinheiros,São Paulo,764,3,5,4,"R$ 48.000
                      /Mês"
2126,,Brooklin Paulista,São Paulo,304,4,6,6,"R$ 12.000
                      /Mês"
2129,,Vila Sônia,São Paulo,520,4,7,6,"R$ 8.000
                      /Mês"
2150,,Jardim Monte Kemel,São Paulo,425,6,3,6,"R$ 15.000
                      /Mês"
2165,,Retiro Morumbi,São Paulo,855,4,6,9,"R$ 40.000
                      /Mês"
2171,,Alto da Lapa,São Paulo,255,3,4,3,"R$ 15.000
                      /Mês"
2182,,Vila Tramontano,São Paulo,1005,4,4,10,"R$ 25.000
                      /Mês"
2189,,Vila Tramontano,São Paulo,1305,6,8,9,"R$ 35.000
                      /Mês"
2196,,Vila Inah,São Paulo,490,4,6,7,"R$ 9.900
                      /Mês"
2206,,Jardim Leonor,São Paulo,1405,5,9,5,"R$ 55.000
                      /Mês"
2223,,Jardim Sílvia (Zona Oeste),São Paulo,905,4,7,6,"R$ 40.000
                      /Mês"
2231,,Alto de Pinheiros,São Paulo,769,3,5,4,"R$ 48.000
                      /Mês"
2232,,Brooklin Paulista,São Paulo,309,4,6,6,"R$ 12.000
                      /Mês"
2235,,Vila Sônia,São Paulo,525,4,7,6,"R$ 8.000
                      /Mês"
2257,Rua Tomé Portes,Brooklin Paulista,São Paulo,480,4,6,3,"R$ 9.000
                      /Mês"
2263,,Jardim Guedala,São Paulo,505,4,7,4,"R$ 18.000
                      /Mês"
2289,Rua Artur de Souza Marques,Vila Tramontano,São Paulo,1000,4,5,6,"R$ 25.000
                      /Mês"
2292,,Jardim Paulistano,São Paulo,748,5,6,6,"R$ 43.000
                      /Mês"
2331,Rua Canumá,Jardim dos Estados,São Paulo,900,5,10,9,"R$ 12.000
                      /Mês"
2350,,Consolação,São Paulo,340,9,5,5,"R$ 21.000
                      /Mês"
2353,Rua David Pimentel,Fazenda Morumbi,São Paulo,900,4,8,9,"R$ 35.000
                      /Mês"
2357,,Jardim Paulistano,São Paulo,300,4,2,4,"R$ 8.500
                      /Mês"
2369,Rua Maracaí,Aclimação,São Paulo,420,3,6,4,"R$ 11.005
                      /Mês"
2380,Rua Antônio Mariani,Instituto de Previdência,São Paulo,100,3,4,3,"R$ 6.500
                      /Mês"
2384,,Jardim Guedala,São Paulo,422,4,8,6,"R$ 20.000
                      /Mês"
2392,,Jardim Guedala,São Paulo,427,4,8,6,"R$ 20.000
                      /Mês"
2401,,Caxingui,São Paulo,800,4,4,8,"R$ 20.000
                      /Mês"
2415,Rua Artur de Souza Marques,Vila Tramontano,São Paulo,1005,4,5,6,"R$ 25.000
                      /Mês"
2418,,Jardim Paulistano,São Paulo,753,5,6,6,"R$ 43.000
                      /Mês"
2446,,Morumbi,São Paulo,350,4,5,4,"R$ 14.000
                      /Mês"
2457,,Jardim América,São Paulo,600,3,5,5,"R$ 12.000
                      /Mês"
2461,,Jardim Paulistano,São Paulo,700,4,6,2,"R$ 30.000
                      /Mês"
2483,,Consolação,São Paulo,345,9,5,5,"R$ 21.000
                      /Mês"
2486,Rua David Pimentel,Fazenda Morumbi,São Paulo,905,4,8,9,"R$ 35.000
                      /Mês"
2491,,Jardim América,São Paulo,1141,5,5,10,"R$ 100.000
                      /Mês"
2502,,Retiro Morumbi,São Paulo,1356,5,12,26,"R$ 15.000
                      /Mês"
2511,Rua Elias Cutait,Cidade Jardim,São Paulo,280,3,3,4,"R$ 9.000
                      /Mês"
2513,,Vila Tramontano,São Paulo,1650,6,16,42,"R$ 100.000
                      /Mês"
2523,,Jardim Guedala,São Paulo,725,3,8,10,"R$ 25.000
                      /Mês"
2525,,Alto de Pinheiros,São Paulo,510,4,3,5,"R$ 10.000
                      /Mês"
2538,,Vila Ida,São Paulo,300,4,7,3,"R$ 20.000
                      /Mês"
2542,Rua Berlioz,Alto de Pinheiros,São Paulo,400,4,5,4,"R$ 40.000
                      /Mês"
2549,,Morumbi,São Paulo,793,6,6,7,"R$ 16.000
                      /Mês"
2551,,Jardim América,São Paulo,440,5,4,5,"R$ 15.000
                      /Mês"
2558,,Consolação,São Paulo,500,6,5,10,"R$ 20.000
                      /Mês"
2561,Avenida Diógenes Ribeiro de Lima,Alto de Pinheiros,São Paulo,190,3,3,5,"R$ 10.000
                      /Mês"
2567,,Jardim Guedala,São Paulo,564,6,8,7,"R$ 10.000
                      /Mês"
2569,,Vila Madalena,São Paulo,250,3,3,3,"R$ 22.000
                      /Mês"
2570,Rua Engenheiro Guimarães Valadão,Cidade Jardim,São Paulo,360,4,3,2,"R$ 12.000
                      /Mês"
2572,,Jardim Leonor,São Paulo,700,5,7,16,"R$ 20.000
                      /Mês"
2575,,Boaçava,São Paulo,383,4,5,9,"R$ 15.000
                      /Mês"
2581,Rua Veneza,Jardim Paulista,São Paulo,380,3,3,2,"R$ 15.000
                      /Mês"
2582,,Pacaembu,São Paulo,950,5,4,10,"R$ 45.000
                      /Mês"
2596,,Jardim Guedala,São Paulo,1080,5,9,10,"R$ 25.000
                      /Mês"
2602,,Alto de Pinheiros,São Paulo,800,4,6,11,"R$ 37.000
                      /Mês"
2606,,Butantã,São Paulo,500,5,4,5,"R$ 22.500
                      /Mês"
2613,,Paineiras do Morumbi,São Paulo,800,6,7,9,"R$ 35.000
                      /Mês"
2618,,Cidade Domitila,São Paulo,300,3,4,4,"R$ 4.000
                      /Mês"
2622,,Jardim Morumbi,São Paulo,700,4,5,6,"R$ 22.000
                      /Mês"
2623,Rua Ceará,Consolação,São Paulo,477,4,6,4,"R$ 30.000
                      /Mês"
2627,Rua dos Macunis,Vila Madalena,São Paulo,300,3,4,4,"R$ 19.000
                      /Mês"
2632,,Vila Madalena,São Paulo,379,2,3,3,"R$ 24.000
                      /Mês"
2634,,Butantã,São Paulo,233,4,6,4,"R$ 14.000
                      /Mês"
2637,Alameda dos Guainumbis,Planalto Paulista,São Paulo,600,4,4,6,"R$ 10.000
                      /Mês"
2640,,Jardim Everest,São Paulo,700,5,5,5,"R$ 26.000
                      /Mês"
2645,Rua Managua,Jardim Everest,São Paulo,956,5,7,6,"R$ 50.000
                      /Mês"
2680,Avenida Antônio Joaquim de Moura Andrade,Vila Nova Conceição,São Paulo,434,5,6,5,"R$ 45.000
                      /Mês"
2691,Rua Euclides Pacheco,Vila Gomes Cardim,São Paulo,493,4,7,8,"R$ 15.000
                      /Mês"
2697,,Sumaré,São Paulo,450,4,7,3,"R$ 15.000
                      /Mês"
2698,Rua Caraúna,Vila Madalena,São Paulo,352,5,5,2,"R$ 16.000
                      /Mês"
2703,,Chácara Monte Alegre,São Paulo,915,4,8,6,"R$ 30.000
                      /Mês"
2712,,Pacaembu,São Paulo,455,4,5,11,"R$ 12.000
                      /Mês"
2713,Rua Raul Adalberto de Campos,Vila Madalena,São Paulo,350,3,4,2,"R$ 10.000
                      /Mês"
2739,,Cidade Jardim,São Paulo,1530,5,5,30,"R$ 90.000
                      /Mês"
2769,,Cidade Jardim,São Paulo,1535,5,5,30,"R$ 90.000
                      /Mês"
2790,,Granja Julieta,São Paulo,270,5,5,3,"R$ 22.000
                      /Mês"
2795,,Parque da Mooca,São Paulo,370,3,1,5,"R$ 8.500
                      /Mês"
2797,Rua Escobar Ortiz,Vila Nova Conceição,São Paulo,190,3,3,2,"R$ 9.000
                      /Mês"
2811,Rua Feliciano Maia,Jardim Paulista,São Paulo,560,5,5,6,"R$ 40.000
                      /Mês"
2812,,Higienópolis,São Paulo,450,4,4,6,"R$ 22.000
                      /Mês"
2817,Rua Vupabussu,Pinheiros,São Paulo,144,3,4,2,"R$ 15.000
                      /Mês"
2821,Rua Costa Rica,Jardim América,São Paulo,1140,5,7,15,"R$ 100.000
                      /Mês"
2822,Rua General Fonseca Teles,Jardim Paulista,São Paulo,560,3,5,3,"R$ 30.000
                      /Mês"
2826,,Boaçava,São Paulo,1054,4,5,5,"R$ 40.000
                      /Mês"
2837,,Morumbi,São Paulo,1327,3,8,34,"R$ 120.000
                      /Mês"
2847,,Jardim Leonor,São Paulo,700,4,3,4,"R$ 19.000
                      /Mês"
2851,,Jardim Guedala,São Paulo,729,5,5,8,"R$ 20.000
                      /Mês"
2859,,Pinheiros,São Paulo,1022,4,14,8,"R$ 85.000
                      /Mês"
2860,Rua César Pena Ramos,Vila Santa Maria,São Paulo,165,5,3,1,"R$ 3.000
                      /Mês"
2862,,Vila Morumbi,São Paulo,736,4,8,14,"R$ 20.000
                      /Mês"
2867,,Jardim América,São Paulo,860,3,4,12,"R$ 60.000
                      /Mês"
2870,,Jardim Leonor,São Paulo,750,4,8,5,"R$ 20.000
                      /Mês"
2871,Rua Acutiranha,Jardim Panorama,São Paulo,420,4,3,4,"R$ 14.000
                      /Mês"
2896,Rua Professor Luciano Gualberto,Jardim Morumbi,São Paulo,1000,5,7,4,"R$ 45.000
                      /Mês"
2897,,Jardim Guedala,São Paulo,530,4,3,6,"R$ 18.000
                      /Mês"
2900,Rua Enrico de Martino,Jardim Leonor,São Paulo,650,4,7,10,"R$ 30.000
                      /Mês"
2904,Rua Grumete Sandoval Santos,Morumbi,São Paulo,600,3,4,4,"R$ 20.000
                      /Mês"
2908,,Sumaré,São Paulo,350,3,3,23,"R$ 15.000
                      /Mês"
2919,Rua Sampaio Vidal,Jardim Paulistano,São Paulo,244,3,4,2,"R$ 28.000
                      /Mês"
2935,,Cidade Monções,São Paulo,290,4,6,6,"R$ 9.000
                      /Mês"
2962,Rua Trinta e Um de Março,Fazenda Morumbi,São Paulo,1400,4,10,7,"R$ 35.000
                      /Mês"
2968,,Cidade Monções,São Paulo,295,4,6,6,"R$ 9.000
                      /Mês"
2995,Rua Trinta e Um de Março,Fazenda Morumbi,São Paulo,1405,4,10,7,"R$ 35.000
                      /Mês"
3000,,Cidade Jardim,São Paulo,517,4,5,8,"R$ 15.000
                      /Mês"
3010,Rua Feliciano Maia,Jardim Paulista,São Paulo,565,5,5,6,"R$ 40.000
                      /Mês"
3011,,Higienópolis,São Paulo,455,4,4,6,"R$ 22.000
                      /Mês"
3016,Rua Vupabussu,Pinheiros,São Paulo,149,3,4,2,"R$ 15.000
                      /Mês"
3020,Rua Costa Rica,Jardim América,São Paulo,1145,5,7,15,"R$ 100.000
                      /Mês"
3021,Rua General Fonseca Teles,Jardim Paulista,São Paulo,565,3,5,3,"R$ 30.000
                      /Mês"
3028,Rua Laura Vicuna,Vila Ida,São Paulo,900,3,5,8,"R$ 20.000
                      /Mês"
3029,,Pinheiros,São Paulo,1027,4,14,8,"R$ 85.000
                      /Mês"
3030,Rua César Pena Ramos,Vila Santa Maria,São Paulo,170,5,3,1,"R$ 3.000
                      /Mês"
3032,,Vila Morumbi,São Paulo,741,4,8,14,"R$ 20.000
                      /Mês"
3038,,Jardim América,São Paulo,865,3,4,12,"R$ 60.000
                      /Mês"
3046,Avenida das Magnólias,Cidade Jardim,São Paulo,1200,4,5,8,"R$ 30.000
                      /Mês"
3067,Avenida Eliseu de Almeida,Instituto de Previdência,São Paulo,95,3,2,5,"R$ 4.000
                      /Mês"
3075,,Interlagos,São Paulo,400,4,5,4,"R$ 8.000
                      /Mês"
3078,,Retiro Morumbi,São Paulo,850,4,8,8,"R$ 35.000
                      /Mês"
3081,,Jardim Paulista,São Paulo,600,5,4,3,"R$ 35.000
                      /Mês"
3091,Rua Bandeirante Sampaio Soares,Vila Morumbi,São Paulo,703,4,8,6,"R$ 30.000
                      /Mês"
3092,,Boaçava,São Paulo,471,4,4,4,"R$ 17.000
                      /Mês"
3093,,Jardim Leonor,São Paulo,1000,3,7,7,"R$ 20.000
                      /Mês"
3098,,Pacaembu,São Paulo,1490,5,11,40,"R$ 25.000
                      /Mês"
3105,Rua Jaguanambi,Cidade Jardim,São Paulo,475,5,6,5,"R$ 25.000
                      /Mês"
3116,Rua Sampaio Vidal,Jardim Paulistano,São Paulo,249,3,4,2,"R$ 28.000
                      /Mês"
3132,,Sumaré,São Paulo,332,5,4,3,"R$ 35.000
                      /Mês"
3154,,Alto de Pinheiros,São Paulo,520,5,6,6,"R$ 10.000
                      /Mês"
3156,,Alto de Pinheiros,São Paulo,392,4,4,3,"R$ 20.000
                      /Mês"
3168,,Vila Madalena,São Paulo,308,4,4,4,"R$ 9.500
                      /Mês"
3174,Rua Alvorada do Sul,Jardim Guedala,São Paulo,496,4,4,3,"R$ 14.000
                      /Mês"
3208,,Alto de Pinheiros,São Paulo,495,4,6,10,"R$ 18.000
                      /Mês"
3209,,Vila Nova Conceição,São Paulo,723,3,3,5,"R$ 45.000
                      /Mês"
3210,,Sumarezinho,São Paulo,140,4,5,3,"R$ 10.000
                      /Mês"
3229,,Fazenda Morumbi,São Paulo,638,3,5,5,"R$ 12.000
                      /Mês"
3232,,Jardim Europa,São Paulo,569,4,5,4,"R$ 40.000
                      /Mês"
3236,Avenida Brasil,Jardim América,São Paulo,1653,7,5,4,"R$ 70.000
                      /Mês"
3239,Rua Miranda Guerra,Jardim Petrópolis,São Paulo,548,4,5,6,"R$ 30.000
                      /Mês"
3248,Rua Palmares,Brooklin Paulista,São Paulo,647,4,6,4,"R$ 25.000
                      /Mês"
3252,Rua Doutor Tomás Alves,Vila Mariana,São Paulo,400,3,3,2,"R$ 14.000
                      /Mês"
3265,,Fazenda Morumbi,São Paulo,643,3,5,5,"R$ 12.000
                      /Mês"
3268,,Jardim Europa,São Paulo,574,4,5,4,"R$ 40.000
                      /Mês"
3272,Avenida Brasil,Jardim América,São Paulo,1658,7,5,4,"R$ 70.000
                      /Mês"
3275,Rua Miranda Guerra,Jardim Petrópolis,São Paulo,553,4,5,6,"R$ 30.000
                      /Mês"
3284,Rua Palmares,Brooklin Paulista,São Paulo,652,4,6,4,"R$ 25.000
                      /Mês"
3288,Rua Doutor Tomás Alves,Vila Mariana,São Paulo,405,3,3,2,"R$ 14.000
                      /Mês"
3313,Avenida Bosque da Saúde,Saúde,São Paulo,262,5,4,10,"R$ 12.000
                      /Mês"
3318,,Jardim Vitória Régia,São Paulo,568,4,4,4,"R$ 15.500
                      /Mês"
3320,,Brooklin Paulista,São Paulo,647,5,2,5,"R$ 5.420
                      /Mês"
3336,,Jardim Everest,São Paulo,500,4,8,6,"R$ 20.000
                      /Mês"
3345,,Jardim Europa,São Paulo,554,4,4,4,"R$ 45.000
                      /Mês"
3364,,Retiro Morumbi,São Paulo,855,4,8,8,"R$ 35.000
                      /Mês"
3367,,Jardim Paulista,São Paulo,605,5,4,3,"R$ 35.000
                      /Mês"
3377,Rua Bandeirante Sampaio Soares,Vila Morumbi,São Paulo,708,4,8,6,"R$ 30.000
                      /Mês"
3378,,Boaçava,São Paulo,476,4,4,4,"R$ 17.000
                      /Mês"
3379,,Jardim Leonor,São Paulo,1005,3,7,7,"R$ 20.000
                      /Mês"
3385,,Pacaembu,São Paulo,1495,5,11,40,"R$ 25.000
                      /Mês"
3393,Rua Jaguanambi,Cidade Jardim,São Paulo,480,5,6,5,"R$ 25.000
                      /Mês"
3408,,Higienópolis,São Paulo,559,4,4,5,"R$ 25.000
                      /Mês"
3419,,Jardim Guedala,São Paulo,990,5,5,7,"R$ 20.000
                      /Mês"
3420,,Cidade Jardim,São Paulo,550,4,5,4,"R$ 15.000
                      /Mês"
3427,Avenida Antônio Joaquim de Moura Andrade,Vila Nova Conceição,São Paulo,267,3,2,5,"R$ 18.000
                      /Mês"
3447,,Jardim Guedala,São Paulo,670,4,7,3,"R$ 16.000
                      /Mês"
3450,,Retiro Morumbi,São Paulo,640,3,6,6,"R$ 19.000
                      /Mês"
3452,Rua Gregório Paes de Almeida,Vila Madalena,São Paulo,310,4,3,5,"R$ 14.000
                      /Mês"
3466,,Vila Madalena,São Paulo,374,4,6,5,"R$ 25.000
                      /Mês"
3467,Rua Comendador Bichara Moherdauí,Jardim Leonor,São Paulo,592,3,5,4,"R$ 23.000
                      /Mês"
3468,,Jardim Guedala,São Paulo,890,4,1,4,"R$ 25.000
                      /Mês"
3479,,Jardim Europa,São Paulo,261,3,3,6,"R$ 38.000
                      /Mês"
3499,Rua Visconde de Porto Seguro,Jardim dos Estados,São Paulo,1253,5,7,8,"R$ 18.000
                      /Mês"
3503,,Sumaré,São Paulo,600,4,7,8,"R$ 19.800
                      /Mês"
3524,,Vila Inah,São Paulo,432,4,6,6,"R$ 20.500
                      /Mês"
3528,,Morumbi,São Paulo,600,3,3,4,"R$ 16.000
                      /Mês"
3545,Rua Antônio de Andrade Rebelo,Retiro Morumbi,São Paulo,800,4,6,10,"R$ 30.000
                      /Mês"
3549,Rua Argentina,Jardim América,São Paulo,350,4,3,5,"R$ 50.000
                      /Mês"
3562,Avenida Rebouças,Pinheiros,São Paulo,360,4,3,10,"R$ 22.000
                      /Mês"
3577,,Jardim Everest,São Paulo,505,4,8,6,"R$ 20.000
                      /Mês"
3587,,Jardim Europa,São Paulo,559,4,4,4,"R$ 45.000
                      /Mês"
3604,Rua Comissário Gastão Moutinho,Morumbi,São Paulo,550,4,5,4,"R$ 16.000
                      /Mês"
3615,,Jardim Everest,São Paulo,505,4,8,6,"R$ 20.000
                      /Mês"
3626,,Jardim Europa,São Paulo,559,4,4,4,"R$ 45.000
                      /Mês"
3643,Rua Comissário Gastão Moutinho,Morumbi,São Paulo,555,4,5,4,"R$ 16.000
                      /Mês"
3657,,Jardim Everest,São Paulo,505,4,8,6,"R$ 20.000
                      /Mês"
3669,,Jardim Europa,São Paulo,559,4,4,4,"R$ 45.000
                      /Mês"
3691,,Jardim Europa,São Paulo,620,4,7,7,"R$ 60.000
                      /Mês"
3715,,Jardim Guedala,São Paulo,675,4,7,3,"R$ 16.000
                      /Mês"
3718,,Retiro Morumbi,São Paulo,645,3,6,6,"R$ 19.000
                      /Mês"
3720,Rua Gregório Paes de Almeida,Vila Madalena,São Paulo,315,4,3,5,"R$ 14.000
                      /Mês"
3727,Rua Doutor Queirós Guimarães,Jardim Guedala,São Paulo,402,4,6,5,"R$ 12.000
                      /Mês"
3735,Rua Domingos Barreto,Jardim Everest,São Paulo,500,4,5,6,"R$ 20.000
                      /Mês"
3750,Travessa Bruno Andreoni,Jardim São Paulo(Zona Norte),São Paulo,74,2,2,2,"R$ 2.000
                      /Mês"
3805,,Jardim Europa,São Paulo,369,4,5,5,"R$ 18.000
                      /Mês"
3828,Rua Pero Correia,Vila Mariana,São Paulo,295,4,4,3,"R$ 5.900
                      /Mês"
3837,,Jardim Everest,São Paulo,505,4,8,6,"R$ 20.000
                      /Mês"
3849,,Jardim Europa,São Paulo,559,4,4,4,"R$ 45.000
                      /Mês"
3881,Rua Frederico Barocci,Jardim das Bandeiras,São Paulo,450,5,4,2,"R$ 12.000
                      /Mês"
3883,Rua Venceslau Flexa,Jardim Paulistano,São Paulo,496,4,3,6,"R$ 16.000
                      /Mês"
3889,Rua Oquirá,Alto de Pinheiros,São Paulo,450,4,4,4,"R$ 18.000
                      /Mês"
3904,Rua Frederico Barocci,Jardim das Bandeiras,São Paulo,455,5,4,2,"R$ 12.000
                      /Mês"
3906,Rua Venceslau Flexa,Jardim Paulistano,São Paulo,501,4,3,6,"R$ 16.000
                      /Mês"
3914,Rua Oquirá,Alto de Pinheiros,São Paulo,455,4,4,4,"R$ 18.000
                      /Mês"
3928,,Vila Ida,São Paulo,447,5,5,5,"R$ 15.000
                      /Mês"
3930,,Pacaembu,São Paulo,1000,7,11,6,"R$ 25.000
                      /Mês"
3932,,Alto de Pinheiros,São Paulo,556,4,3,4,"R$ 75.000
                      /Mês"
3959,Rua Luisiania,Brooklin Paulista,São Paulo,320,3,3,3,"R$ 10.000
                      /Mês"
3966,Rua Janaúba,Jardim Panorama D'Oeste,São Paulo,738,5,5,10,"R$ 19.000
                      /Mês"
3983,,Vila Madalena,São Paulo,379,4,6,5,"R$ 25.000
                      /Mês"
3986,Rua Comendador Bichara Moherdauí,Jardim Leonor,São Paulo,597,3,5,4,"R$ 23.000
                      /Mês"
3987,,Jardim Guedala,São Paulo,895,4,1,4,"R$ 25.000
                      /Mês"
3992,,Vila Madalena,São Paulo,312,3,5,4,"R$ 15.000
                      /Mês"
3999,Rua Doutor Queirós Guimarães,Jardim Guedala,São Paulo,407,4,6,5,"R$ 12.000
                      /Mês"
4009,Rua Domingos Barreto,Jardim Everest,São Paulo,505,4,5,6,"R$ 20.000
                      /Mês"
4016,,Jardim Paulista,São Paulo,415,4,4,6,"R$ 24.000
                      /Mês"
4049,,Jardim Viana,São Paulo,600,3,6,8,"R$ 12.000
                      /Mês"
4078,,Cambuci,São Paulo,578,5,5,8,"R$ 10.000
                      /Mês"
4079,,Lapa,São Paulo,330,4,4,15,"R$ 21.000
                      /Mês"
4082,,Alto de Pinheiros,São Paulo,399,3,4,5,"R$ 12.000
                      /Mês"
4103,,Alto de Pinheiros,São Paulo,347,4,4,5,"R$ 18.000
                      /Mês"
4113,,Jardim Paulista,São Paulo,420,4,4,6,"R$ 24.000
                      /Mês"
4124,,Moema,São Paulo,220,3,3,2,"R$ 8.000
                      /Mês"
4137,Avenida Indianópolis,Indianópolis,São Paulo,200,3,2,2,"R$ 8.000
                      /Mês"
4151,Rua José Yazigi,Jardim Leonor,São Paulo,430,4,3,6,"R$ 17.000
                      /Mês"
4162,Rua Pero Correia,Vila Mariana,São Paulo,300,4,4,3,"R$ 5.900
                      /Mês"
4167,Avenida Diógenes Ribeiro de Lima,Alto de Pinheiros,São Paulo,195,3,3,5,"R$ 10.000
                      /Mês"
4184,Rua Holanda,Jardim Europa,São Paulo,720,5,6,8,"R$ 40.000
                      /Mês"
4195,Rua Rino Levi,Jardim da Glória,São Paulo,363,4,6,3,"R$ 12.000
                      /Mês"
4201,,Alto de Pinheiros,São Paulo,714,6,8,8,"R$ 15.000
                      /Mês"
4205,Rua Kansas,Brooklin Paulista,São Paulo,294,4,6,3,"R$ 10.000
                      /Mês"
4206,,Jardim Leonor,São Paulo,373,3,5,5,"R$ 13.900
                      /Mês"
4213,Rua Conselheiro Torres Homem,Jardim Paulista,São Paulo,420,5,6,4,"R$ 30.000
                      /Mês"
4215,,Fazenda Morumbi,São Paulo,411,4,4,4,"R$ 18.000
                      /Mês"
4220,Rua Agnaldo Manuel dos Santos,Jardim Vila Mariana,São Paulo,460,4,5,4,"R$ 21.000
                      /Mês"
4226,,Jardim Guedala,São Paulo,680,6,8,8,"R$ 22.000
                      /Mês"
4266,Rua Traipu,Pacaembu,São Paulo,735,4,1,15,"R$ 15.000
                      /Mês"
4291,Rua Groenlândia,Jardim América,São Paulo,440,4,6,4,"R$ 19.000
                      /Mês"
4293,Rua Desembargador Francisco Meirelles dos Santos,Jardim Santo Amaro,São Paulo,540,3,6,4,"R$ 12.000
                      /Mês"
4329,,Brooklin Paulista,São Paulo,416,4,4,3,"R$ 7.000
                      /Mês"
4340,,Paineiras do Morumbi,São Paulo,744,4,6,5,"R$ 20.000
                      /Mês"
4351,Rua Puréus,Jardim Guedala,São Paulo,526,4,5,3,"R$ 12.000
                      /Mês"
4365,Rua Boa ESão Pauloerança do Sul,Jardim Guedala,São Paulo,1050,4,7,10,"R$ 25.000
                      /Mês"
4366,,Jardim Europa,São Paulo,340,3,3,10,"R$ 30.000
                      /Mês"
4377,,Jardim Guedala,São Paulo,429,4,6,8,"R$ 25.000
                      /Mês"
4384,Rua Groenlândia,Jardim América,São Paulo,500,2,4,16,"R$ 35.000
                      /Mês"
4386,Rua Coronel Irlandino Sandoval,Jardim Paulistano,São Paulo,700,4,3,2,"R$ 30.000
                      /Mês"
4387,Rua das Zínias,Cidade Jardim,São Paulo,448,4,5,6,"R$ 26.000
                      /Mês"
4432,,Brooklin Paulista,São Paulo,421,4,4,3,"R$ 7.000
                      /Mês"
4437,,Retiro Morumbi,São Paulo,800,4,6,9,"R$ 30.000
                      /Mês"
4458,,Fazenda Morumbi,São Paulo,490,3,6,8,"R$ 16.000
                      /Mês"
4460,,Fazenda Morumbi,São Paulo,1000,5,8,6,"R$ 35.000
                      /Mês"
4464,Rua Colatino Marques,Jardim Paulista,São Paulo,570,4,3,4,"R$ 29.000
                      /Mês"
4466,,Boaçava,São Paulo,530,4,4,6,"R$ 15.000
                      /Mês"
4479,Rua Martim Peres,Bosque da Saúde,São Paulo,342,3,3,6,"R$ 4.500
                      /Mês"
4496,,Vila Ida,São Paulo,490,4,3,4,"R$ 15.000
                      /Mês"
4497,Travessa Saveiros de Maroim,Vila Constança,São Paulo,80,2,2,4,"R$ 2.000
                      /Mês"
4513,Rua José Yazigi,Jardim Leonor,São Paulo,435,4,3,6,"R$ 17.000
                      /Mês"
4515,Rua Rubi,Aclimação,São Paulo,395,4,4,3,"R$ 8.500
                      /Mês"
4517,Rua Otávio Tarquínio de Sousa,Campo Belo,São Paulo,160,3,3,2,"R$ 4.500
                      /Mês"
4539,Rua Martim Peres,Bosque da Saúde,São Paulo,347,3,3,6,"R$ 4.500
                      /Mês"
4549,Travessa Saveiros de Maroim,Vila Constança,São Paulo,85,2,2,4,"R$ 2.000
                      /Mês"
4577,,Pacaembu,São Paulo,250,3,2,2,"R$ 6.900
                      /Mês"
4580,Rua Maestro Chiaffarelli,Jardim Paulista,São Paulo,347,3,5,5,"R$ 20.000
                      /Mês"
4586,,Pacaembu,São Paulo,255,3,2,2,"R$ 6.900
                      /Mês"
4589,Rua Maestro Chiaffarelli,Jardim Paulista,São Paulo,352,3,5,5,"R$ 20.000
                      /Mês"
4620,Rua Rino Levi,Jardim da Glória,São Paulo,368,4,6,3,"R$ 12.000
                      /Mês"
4636,,Jardim Leonor,São Paulo,450,4,4,4,"R$ 10.000
                      /Mês"
4641,,Cidade Jardim,São Paulo,820,4,6,8,"R$ 45.000
                      /Mês"
4654,Rua Aurelia Perez Alvarez,Jardim dos Estados,São Paulo,742,5,7,6,"R$ 25.000
                      /Mês"
4664,Rua Antônio de Macedo Soares,Campo Belo,São Paulo,130,3,1,2,"R$ 5.000
                      /Mês"
4666,Rua Oliveira Pimentel,Jardim Paulista,São Paulo,372,3,6,4,"R$ 25.000
                      /Mês"
4670,,Cidade Monções,São Paulo,450,4,6,4,"R$ 10.000
                      /Mês"
4673,,Vila Morumbi,São Paulo,296,3,4,5,"R$ 8.000
                      /Mês"
4677,Rua Laerte Assunção,Jardim Paulistano,São Paulo,276,3,6,5,"R$ 25.000
                      /Mês"
4679,,Jardim Santa Helena,São Paulo,350,3,6,4,"R$ 7.000
                      /Mês"
4699,Rua Groenlândia,Jardim América,São Paulo,505,2,4,16,"R$ 35.000
                      /Mês"
4701,Rua Coronel Irlandino Sandoval,Jardim Paulistano,São Paulo,705,4,3,2,"R$ 30.000
                      /Mês"
4702,Rua das Zínias,Cidade Jardim,São Paulo,453,4,5,6,"R$ 26.000
                      /Mês"
4736,Rua Honduras,Jardim Paulista,São Paulo,900,4,5,10,"R$ 25.000
                      /Mês"
4761,,Cidade Jardim,São Paulo,550,5,5,4,"R$ 20.000
                      /Mês"
4779,Rua Bamboré,Ipiranga,São Paulo,400,3,4,6,"R$ 7.000
                      /Mês"
4784,Rua Desembargador Joaquim Barbosa de Almeida,Alto de Pinheiros,São Paulo,391,4,5,5,"R$ 13.000
                      /Mês"
4798,Rua das Jabuticabeiras,Cidade Jardim,São Paulo,776,4,4,4,"R$ 17.000
                      /Mês"
4809,,Brooklin Paulista,São Paulo,421,4,4,3,"R$ 7.000
                      /Mês"
4815,,Retiro Morumbi,São Paulo,805,4,6,9,"R$ 30.000
                      /Mês"
4835,Rua Bamboré,Ipiranga,São Paulo,405,3,4,6,"R$ 7.000
                      /Mês"
4850,Rua Dom Henrique,Jardim Luzitânia,São Paulo,394,4,6,3,"R$ 14.000
                      /Mês"
4869,,Vila Nova Conceição,São Paulo,112,3,3,2,"R$ 7.500
                      /Mês"
4888,Avenida Piassanguaba,Planalto Paulista,São Paulo,275,4,4,6,"R$ 5.000
                      /Mês"
4916,Rua Itatiaia,Vila Guarani (Z Sul),São Paulo,265,3,4,2,"R$ 4.000
                      /Mês"
4922,,Jardim Leonor,São Paulo,633,4,5,8,"R$ 10.000
                      /Mês"
4936,Avenida Valentim Gentil,Butantã,São Paulo,500,5,5,5,"R$ 22.000
                      /Mês"
4937,,Retiro Morumbi,São Paulo,450,4,5,6,"R$ 20.000
                      /Mês"
4944,Avenida Engenheiro Saraiva de Oliveira,Jardim Taboão,São Paulo,200,4,4,3,"R$ 4.500
                      /Mês"
4955,,Sumaré,São Paulo,150,2,3,2,"R$ 12.000
                      /Mês"
4982,Rua Pongada,Jardim Panorama,São Paulo,410,4,6,4,"R$ 15.000
                      /Mês"
5001,,Saúde,São Paulo,180,4,3,5,"R$ 3.500
                      /Mês"
5003,,Jardim América,São Paulo,890,3,4,8,"R$ 65.000
                      /Mês"
5007,Rua Tomé Portes,Brooklin Paulista,São Paulo,650,4,5,6,"R$ 10.000
                      /Mês"
5012,Avenida Parada Pinto,Vila Nova Cachoeirinha,São Paulo,280,3,3,6,"R$ 4.000
                      /Mês"
5017,,Jardim América,São Paulo,600,3,3,4,"R$ 28.000
                      /Mês"
5019,Rua Colatino Marques,Jardim Paulista,São Paulo,320,3,5,2,"R$ 17.000
                      /Mês"
5043,Rua Geórgia,Brooklin Paulista,São Paulo,320,4,6,5,"R$ 12.000
                      /Mês"
5053,,Jardim América,São Paulo,895,3,4,8,"R$ 65.000
                      /Mês"
5057,Rua Tomé Portes,Brooklin Paulista,São Paulo,655,4,5,6,"R$ 10.000
                      /Mês"
5062,Avenida Parada Pinto,Vila Nova Cachoeirinha,São Paulo,285,3,3,6,"R$ 4.000
                      /Mês"
5069,,Jardim América,São Paulo,605,3,3,4,"R$ 28.000
                      /Mês"
5071,Rua Colatino Marques,Jardim Paulista,São Paulo,325,3,5,2,"R$ 17.000
                      /Mês"
5091,,Jardim dos Estados,São Paulo,717,4,4,4,"R$ 18.500
                      /Mês"
5108,Rua Péricles,Jardim Petrópolis,São Paulo,250,4,6,4,"R$ 12.000
                      /Mês"
5115,Rua Alvarenga,Butantã,São Paulo,405,4,3,4,"R$ 10.000
                      /Mês"
5125,Avenida Parada Pinto,Vila Nova Cachoeirinha,São Paulo,285,3,3,6,"R$ 4.000
                      /Mês"
5132,,Jardim América,São Paulo,605,3,3,4,"R$ 28.000
                      /Mês"
5134,Rua Colatino Marques,Jardim Paulista,São Paulo,325,3,5,2,"R$ 17.000
                      /Mês"
5160,Rua Geórgia,Brooklin Paulista,São Paulo,325,4,6,5,"R$ 12.000
                      /Mês"
5202,,Morumbi,São Paulo,650,3,4,6,"R$ 11.000
                      /Mês"
5219,,Perdizes,São Paulo,234,3,2,4,"R$ 15.000
                      /Mês"
5224,Rua das Zínias,Cidade Jardim,São Paulo,550,4,7,4,"R$ 20.000
                      /Mês"
5225,,Jardim Europa,São Paulo,640,5,7,10,"R$ 40.000
                      /Mês"
5249,,Cidade Jardim,São Paulo,555,5,5,4,"R$ 20.000
                      /Mês"
5258,,Cidade Jardim,São Paulo,640,3,5,4,"R$ 18.000
                      /Mês"
5276,,Perdizes,São Paulo,400,2,5,4,"R$ 35.000
                      /Mês"
5282,,Cidade Jardim,São Paulo,970,4,6,6,"R$ 45.000
                      /Mês"
5289,Rua João Álvares Correia,Jardim Vila Mariana,São Paulo,297,4,6,4,"R$ 12.000
                      /Mês"
5303,,Vila Nova Caledônia,São Paulo,207,3,5,4,"R$ 10.000
                      /Mês"
5309,Rua Breno Pinheiro,Jardim Morumbi,São Paulo,375,4,5,4,"R$ 10.000
                      /Mês"
5333,Rua Dom Henrique,Jardim Luzitânia,São Paulo,399,4,6,3,"R$ 14.000
                      /Mês"
5343,Avenida Odila,Planalto Paulista,São Paulo,220,4,5,3,"R$ 6.000
                      /Mês"
5356,,Vila Nova Conceição,São Paulo,117,3,3,2,"R$ 7.500
                      /Mês"
5369,Rua Piauí,Higienópolis,São Paulo,230,5,2,4,"R$ 40.000
                      /Mês"
5381,Rua Feliciano Maia,Jardim Paulista,São Paulo,450,5,6,7,"R$ 40.000
                      /Mês"
5386,Rua João Jabotam,Vila Anglo Brasileira,São Paulo,272,3,2,2,"R$ 6.200
                      /Mês"
5393,Rua Abegoaria,Jardim das Bandeiras,São Paulo,420,4,6,5,"R$ 10.900
                      /Mês"
5419,Rua São Paulino,Vila Mariana,São Paulo,260,3,4,7,"R$ 10.000
                      /Mês"
5428,Rua Volta Redonda,Campo Belo,São Paulo,400,4,4,4,"R$ 15.000
                      /Mês"
5446,,Jardim Guedala,São Paulo,580,3,5,5,"R$ 18.000
                      /Mês"
5448,,Brooklin Paulista,São Paulo,149,4,3,1,"R$ 8.000
                      /Mês"
5463,,Jardim Paulista,São Paulo,400,3,2,2,"R$ 18.000
                      /Mês"
5489,,Cidade Jardim,São Paulo,530,5,6,5,"R$ 22.000
                      /Mês"
5512,Rua Deputado Euvaldo Lodi,Retiro Morumbi,São Paulo,1245,4,6,4,"R$ 40.000
                      /Mês"
5518,,Alto de Pinheiros,São Paulo,344,3,5,4,"R$ 12.000
                      /Mês"
5526,,Morumbi,São Paulo,900,5,2,8,"R$ 25.000
                      /Mês"
5532,,Sumarezinho,São Paulo,248,4,3,4,"R$ 20.000
                      /Mês"
5533,Rua Wagih Assad Abdalla,Morumbi,São Paulo,678,4,6,4,"R$ 10.000
                      /Mês"
5545,,Vila Morumbi,São Paulo,952,4,6,15,"R$ 30.000
                      /Mês"
5555,,Vila Tramontano,São Paulo,550,4,4,5,"R$ 10.000
                      /Mês"
5559,,Cidade Jardim,São Paulo,535,5,6,5,"R$ 22.000
                      /Mês"
5582,Rua Deputado Euvaldo Lodi,Retiro Morumbi,São Paulo,1250,4,6,4,"R$ 40.000
                      /Mês"
5588,,Alto de Pinheiros,São Paulo,349,3,5,4,"R$ 12.000
                      /Mês"
5610,Rua Geórgia,Brooklin Paulista,São Paulo,325,4,6,5,"R$ 12.000
                      /Mês"
5644,,Saúde,São Paulo,185,4,3,5,"R$ 3.500
                      /Mês"
5646,,Jardim América,São Paulo,895,3,4,8,"R$ 65.000
                      /Mês"
5650,Rua Tomé Portes,Brooklin Paulista,São Paulo,655,4,5,6,"R$ 10.000
                      /Mês"
5655,Avenida Parada Pinto,Vila Nova Cachoeirinha,São Paulo,285,3,3,6,"R$ 4.000
                      /Mês"
5663,,Jardim América,São Paulo,605,3,3,4,"R$ 28.000
                      /Mês"
5667,,Sumarezinho,São Paulo,253,4,3,4,"R$ 20.000
                      /Mês"
5668,Rua Wagih Assad Abdalla,Morumbi,São Paulo,683,4,6,4,"R$ 10.000
                      /Mês"
5680,,Vila Morumbi,São Paulo,957,4,6,15,"R$ 30.000
                      /Mês"
5690,,Vila Tramontano,São Paulo,555,4,4,5,"R$ 10.000
                      /Mês"
5698,Rua Alabastro,Aclimação,São Paulo,300,5,6,3,"R$ 8.000
                      /Mês"
5719,Rua Manduri,Jardim Paulistano,São Paulo,420,4,6,4,"R$ 25.000
                      /Mês"
5723,Rua Miquelino Gabriel Fraga,Vila Noca,São Paulo,252,4,4,4,"R$ 4.000
                      /Mês"
5734,,Jardim Guedala,São Paulo,572,4,6,7,"R$ 15.000
                      /Mês"
5742,,Perdizes,São Paulo,405,2,5,4,"R$ 35.000
                      /Mês"
5749,,Cidade Jardim,São Paulo,975,4,6,6,"R$ 45.000
                      /Mês"
5757,Rua João Álvares Correia,Jardim Vila Mariana,São Paulo,302,4,6,4,"R$ 12.000
                      /Mês"
5772,,Vila Nova Caledônia,São Paulo,212,3,5,4,"R$ 10.000
                      /Mês"
5775,Rua Sampaio Vidal,Jardim Paulistano,São Paulo,191,2,4,2,"R$ 28.000
                      /Mês"
5791,Rua Marcelino Champagnat,Jardim da Glória,São Paulo,700,3,6,8,"R$ 18.000
                      /Mês"
5813,,Jardim Jussara,São Paulo,192,3,3,5,"R$ 10.000
                      /Mês"
5821,,Jardim Guedala,São Paulo,564,5,8,6,"R$ 12.000
                      /Mês"
5822,,Sumaré,São Paulo,400,4,7,4,"R$ 17.000
                      /Mês"
5827,,Vila Sônia,São Paulo,259,3,3,2,"R$ 9.500
                      /Mês"
5839,Avenida Diógenes Ribeiro de Lima,Alto de Pinheiros,São Paulo,195,3,3,5,"R$ 10.000
                      /Mês"
5851,Avenida Quarto Centenário,Jardim Luzitânia,São Paulo,724,6,4,8,"R$ 38.000
                      /Mês"
5897,Rua Mário Gonçalves de Oliveira,Fazenda Morumbi,São Paulo,750,4,4,5,"R$ 14.000
                      /Mês"
5899,,Jardim dos Estados,São Paulo,1296,5,7,7,"R$ 16.000
                      /Mês"
5924,Avenida Diógenes Ribeiro de Lima,Alto de Pinheiros,São Paulo,195,3,3,5,"R$ 10.000
                      /Mês"
5930,,Água Branca,São Paulo,400,4,1,5,"R$ 6.500
                      /Mês"
5934,Rua Sampaio Vidal,Jardim Paulistano,São Paulo,196,2,4,2,"R$ 28.000
                      /Mês"
5950,Rua Marcelino Champagnat,Jardim da Glória,São Paulo,705,3,6,8,"R$ 18.000
                      /Mês"
5982,Rua Mário Gonçalves de Oliveira,Fazenda Morumbi,São Paulo,755,4,4,5,"R$ 14.000
                      /Mês"
5984,,Jardim dos Estados,São Paulo,1301,5,7,7,"R$ 16.000
                      /Mês"
5999,,Vila Mariana,São Paulo,190,4,3,3,"R$ 8.000
                      /Mês"
6008,,Pinheiros,São Paulo,235,3,3,1,"R$ 6.000
                      /Mês"
6010,Rua Capitão Garcindo,Pacaembu,São Paulo,434,5,4,4,"R$ 20.000
                      /Mês"
6063,,Vila Mariana,São Paulo,195,4,3,3,"R$ 8.000
                      /Mês"
6072,,Pinheiros,São Paulo,240,3,3,1,"R$ 6.000
                      /Mês"
6074,Rua Capitão Garcindo,Pacaembu,São Paulo,439,5,4,4,"R$ 20.000
                      /Mês"
6095,,Lar São Paulo,São Paulo,240,3,5,2,"R$ 5.500
                      /Mês"
6099,,Jardim Guedala,São Paulo,455,4,4,4,"R$ 10.000
                      /Mês"
6152,Rua Laiana,Boaçava,São Paulo,376,3,6,6,"R$ 20.000
                      /Mês"
6175,,Morumbi,São Paulo,905,5,2,8,"R$ 25.000
                      /Mês"
6182,,Sumarezinho,São Paulo,253,4,3,4,"R$ 20.000
                      /Mês"
6183,Rua Wagih Assad Abdalla,Morumbi,São Paulo,683,4,6,4,"R$ 10.000
                      /Mês"
6195,,Vila Morumbi,São Paulo,957,4,6,15,"R$ 30.000
                      /Mês"
6217,Rua Manduri,Jardim Paulistano,São Paulo,425,4,6,4,"R$ 25.000
                      /Mês"
6221,Rua Miquelino Gabriel Fraga,Vila Noca,São Paulo,257,4,4,4,"R$ 4.000
                      /Mês"
6232,,Jardim Guedala,São Paulo,577,4,6,7,"R$ 15.000
                      /Mês"
6240,,Jardim Panorama D'Oeste,São Paulo,769,5,6,10,"R$ 21.000
                      /Mês"
6262,,Jardim Paulista,São Paulo,346,4,6,6,"R$ 25.000
                      /Mês"
6263,,Planalto Paulista,São Paulo,742,3,9,8,"R$ 23.000
                      /Mês"
6272,Avenida República do Líbano,Ibirapuera,São Paulo,434,4,6,3,"R$ 45.000
                      /Mês"
6284,,Vila Tramontano,São Paulo,555,4,4,5,"R$ 10.000
                      /Mês"
6293,Rua Alabastro,Aclimação,São Paulo,305,5,6,3,"R$ 8.000
                      /Mês"
6310,,Chácara Santo Antônio (Zona Sul),São Paulo,200,3,2,4,"R$ 5.000
                      /Mês"
6317,,Jardim Panorama D'Oeste,São Paulo,774,5,6,10,"R$ 21.000
                      /Mês"
6333,Rua Raul Adalberto de Campos,Vila Madalena,São Paulo,355,3,4,2,"R$ 10.000
                      /Mês"
6350,,Jardim Everest,São Paulo,389,4,5,6,"R$ 12.000
                      /Mês"
6370,Rua Silveira Sampaio,Fazenda Morumbi,São Paulo,1000,5,7,6,"R$ 50.000
                      /Mês"
6374,Avenida Quarto Centenário,Jardim Luzitânia,São Paulo,729,6,4,8,"R$ 38.000
                      /Mês"
6415,,Vila Madalena,São Paulo,400,4,2,4,"R$ 12.000
                      /Mês"
6418,Rua Atlântica,Jardim América,São Paulo,380,4,5,10,"R$ 17.000
                      /Mês"
6429,Rua Duarte Monis Barreto,Jardim dos Estados,São Paulo,540,3,4,10,"R$ 14.000
                      /Mês"
6439,,Cidade Jardim,São Paulo,700,4,4,5,"R$ 20.000
                      /Mês"
6466,,Cidade Jardim,São Paulo,644,4,6,4,"R$ 28.000
                      /Mês"
6470,Rua Wagih Assad Abdalla,Morumbi,São Paulo,678,4,7,4,"R$ 12.000
                      /Mês"
6495,Rua Pires de Oliveira,Chácara Santo Antônio (Zona Sul),São Paulo,441,5,9,6,"R$ 15.000
                      /Mês"
6500,,Vila Morumbi,São Paulo,736,4,5,6,"R$ 25.000
                      /Mês"
6501,Rua Guararapes,Brooklin,São Paulo,150,4,3,2,"R$ 5.000
                      /Mês"
6510,,Jardim Europa,São Paulo,525,4,6,4,"R$ 45.000
                      /Mês"
6513,,Vila Nova Conceição,São Paulo,750,6,6,6,"R$ 19.990
                      /Mês"
6516,Rua Marapuama,Alto da Lapa,São Paulo,88,1,1,1,"R$ 2.790
                      /Mês"
6526,,Jardim América,São Paulo,850,3,3,10,"R$ 65.000
                      /Mês"
6548,,Jardim Guedala,São Paulo,850,4,4,4,"R$ 18.000
                      /Mês"
6562,,Alto de Pinheiros,São Paulo,560,4,6,9,"R$ 7.000
                      /Mês"
6564,Rua Brito Peixoto,Vila Cordeiro,São Paulo,380,4,3,2,"R$ 8.500
                      /Mês"
6565,Rua Urbanizadora,Sumaré,São Paulo,269,3,4,5,"R$ 7.000
                      /Mês"
6567,Rua Giovanni Gianesi,Vila Cordeiro,São Paulo,110,2,3,1,"R$ 3.700
                      /Mês"
6579,,Jardim Paulista,São Paulo,249,3,3,4,"R$ 25.000
                      /Mês"
6583,,Sumaré,São Paulo,330,4,3,2,"R$ 7.000
                      /Mês"
6611,,Vila Mariana,São Paulo,195,4,3,3,"R$ 8.000
                      /Mês"
6621,,Pinheiros,São Paulo,240,3,3,1,"R$ 6.000
                      /Mês"
6623,Rua Capitão Garcindo,Pacaembu,São Paulo,439,5,4,4,"R$ 20.000
                      /Mês"
6647,Rua Cardoso de Almeida,Perdizes,São Paulo,350,5,4,5,"R$ 7.000
                      /Mês"
6675,Rua Laiana,Boaçava,São Paulo,381,3,6,6,"R$ 20.000
                      /Mês"
6696,Rua Doutor Francisco José Longo,Chácara Inglesa,São Paulo,150,2,3,3,"R$ 4.500
                      /Mês"
6706,,Vila Andrade,São Paulo,260,4,3,3,"R$ 10.000
                      /Mês"
6780,Rua Aziz Nader,Jardim Petrópolis,São Paulo,700,4,3,5,"R$ 16.000
                      /Mês"
6784,,Jardim Europa,São Paulo,650,5,8,6,"R$ 45.000
                      /Mês"
6790,,Cidade Jardim,São Paulo,600,4,4,4,"R$ 15.000
                      /Mês"
6810,Rua Joaquim Cândido de Azevedo Marques,Vila Morumbi,São Paulo,490,4,8,7,"R$ 9.000
                      /Mês"
6812,Rua Cardoso de Almeida,Perdizes,São Paulo,355,5,4,5,"R$ 7.000
                      /Mês"
6892,,Morumbi,São Paulo,550,4,7,3,"R$ 13.000
                      /Mês"
6918,,Jardim Cordeiro,São Paulo,538,3,3,5,"R$ 24.000
                      /Mês"
6928,,Brooklin,São Paulo,350,4,2,5,"R$ 18.000
                      /Mês"
6966,,Paraíso do Morumbi,São Paulo,247,3,4,3,"R$ 15.000
                      /Mês"
6972,Rua Luisiânia,Brooklin,São Paulo,300,3,3,3,"R$ 10.000
                      /Mês"
6975,,Bosque da Saúde,São Paulo,342,3,3,6,"R$ 4.500
                      /Mês"
6979,,Jardim Europa,São Paulo,300,3,3,1,"R$ 12.000
                      /Mês"
7006,,Perdizes,São Paulo,119,3,4,2,"R$ 5.000
                      /Mês"
7014,Rua Brigadeiro Jordão,Ipiranga,São Paulo,191,4,5,4,"R$ 8.000
                      /Mês"
7017,,Jardim Morumbi,São Paulo,450,6,2,7,"R$ 6.500
                      /Mês"
7018,Rua Sampaio Vidal,Jardim Paulistano,São Paulo,420,4,2,2,"R$ 15.500
                      /Mês"
7030,,Sumaré,São Paulo,450,4,7,8,"R$ 25.000
                      /Mês"
7063,Rua João Vilhema,Planalto Paulista,São Paulo,170,3,3,2,"R$ 4.800
                      /Mês"
7077,Rua Geraldo Flausino Gomes,Cidade Monções,São Paulo,375,1,7,8,"R$ 20.000
                      /Mês"
7092,,Vila Morumbi,São Paulo,498,4,6,6,"R$ 15.000
                      /Mês"
7094,,Vila Madalena,São Paulo,354,4,6,2,"R$ 10.000
                      /Mês"
7105,,Retiro Morumbi,São Paulo,900,4,7,8,"R$ 35.000
                      /Mês"
7108,Rua Viriato Correia,Fazenda Morumbi,São Paulo,405,2,4,2,"R$ 6.000
                      /Mês"
7115,Avenida Cardeal Motta,City América,São Paulo,350,3,5,5,"R$ 7.000
                      /Mês"
7149,,Cidade Vargas,São Paulo,216,3,3,2,"R$ 13.000
                      /Mês"
7155,Rua Mariana Correia,Jardim Paulistano,São Paulo,254,4,1,4,"R$ 22.000
                      /Mês"
7160,,Jardim Luzitânia,São Paulo,400,4,5,4,"R$ 11.000
                      /Mês"
7175,,Cidade Jardim,São Paulo,775,5,7,4,"R$ 8.000
                      /Mês"
7189,,Jardim Guedala,São Paulo,489,4,5,4,"R$ 23.000
                      /Mês"
7193,Rua Roque Petrella,Vila Cordeiro,São Paulo,223,3,6,4,"R$ 14.000
                      /Mês"
7194,,Jardim Guedala,São Paulo,496,4,4,3,"R$ 14.000
                      /Mês"
7195,Rua Antônio de Andrade Rebelo,Retiro Morumbi,São Paulo,850,4,8,8,"R$ 35.000
                      /Mês"
7197,,Super Quadra Morumbi,São Paulo,150,3,3,4,"R$ 3.000
                      /Mês"
7202,Praça Doutor Silas Botelho,Sumaré,São Paulo,375,4,3,2,"R$ 11.000
                      /Mês"
7210,Rua Péricles,Jardim Petrópolis,São Paulo,652,3,6,3,"R$ 12.000
                      /Mês"
7216,Travessa Herval D'Oeste,Rio Pequeno,São Paulo,140,2,3,3,"R$ 2.990
                      /Mês"
7217,Rua Eliseu Visconti,Paineiras do Morumbi,São Paulo,744,4,7,4,"R$ 30.000
                      /Mês"
7231,,Pacaembu,São Paulo,450,4,3,5,"R$ 12.000
                      /Mês"
7237,,Perdizes,São Paulo,224,3,5,2,"R$ 7.000
                      /Mês"
7245,,Jardim América,São Paulo,1000,4,3,4,"R$ 20.000
                      /Mês"
7250,,Perdizes,São Paulo,238,3,3,2,"R$ 8.000
                      /Mês"
7263,Rua Madalena de Morais,Jardim Leonor,São Paulo,742,4,8,6,"R$ 9.800
                      /Mês"
7277,Rua Consórcio,Vila Nova Conceição,São Paulo,271,1,3,4,"R$ 10.000
                      /Mês"
7278,,Lapa,São Paulo,200,2,2,2,"R$ 5.000
                      /Mês"
7288,Rua Herval,Belenzinho,São Paulo,250,4,5,4,"R$ 15.000
                      /Mês"
7300,Rua Péricles,Jardim Petrópolis,São Paulo,657,3,6,3,"R$ 12.000
                      /Mês"
7306,Travessa Herval D'Oeste,Rio Pequeno,São Paulo,145,2,3,3,"R$ 2.990
                      /Mês"
7307,Rua Eliseu Visconti,Paineiras do Morumbi,São Paulo,749,4,7,4,"R$ 30.000
                      /Mês"
7336,Rua Primavera,Jardim Paulista,São Paulo,350,3,3,4,"R$ 25.000
                      /Mês"
7342,,Sumaré,São Paulo,160,8,3,5,"R$ 8.500
                      /Mês"
7360,Rua Mário Gonçalves de Oliveira,Fazenda Morumbi,São Paulo,750,4,7,5,"R$ 15.000
                      /Mês"
7361,,Alto de Pinheiros,São Paulo,280,4,6,4,"R$ 14.500
                      /Mês"
7371,Rua Aziz Nader,Jardim Petrópolis,São Paulo,705,4,3,5,"R$ 16.000
                      /Mês"
7376,,Jardim Europa,São Paulo,655,5,8,6,"R$ 45.000
                      /Mês"
7382,,Cidade Jardim,São Paulo,605,4,4,4,"R$ 15.000
                      /Mês"
7385,,Jardim América,São Paulo,601,3,5,10,"R$ 80.000
                      /Mês"
7387,Rua Feliciano Maia,Jardim Paulista,São Paulo,600,5,4,10,"R$ 30.000
                      /Mês"
7393,Rua Veneza,Jardim Paulista,São Paulo,450,3,1,2,"R$ 15.000
                      /Mês"
7431,Rua Cardoso de Almeida,Perdizes,São Paulo,355,5,4,5,"R$ 7.000
                      /Mês"
7437,Rua Antônio Barletta,Vila Madalena,São Paulo,280,4,1,5,"R$ 8.000
                      /Mês"
7463,Rua Carlos Rath,Alto de Pinheiros,São Paulo,283,4,3,5,"R$ 8.000
                      /Mês"
7468,,Vila Madalena,São Paulo,400,4,5,4,"R$ 13.000
                      /Mês"
7479,Rua Doutor Heitor Rodrigues de Souza,Cidade Vargas,São Paulo,354,4,5,3,"R$ 12.000
                      /Mês"
7482,Praça Monsenhor Galvão de Sousa,Jardim Guedala,São Paulo,558,4,8,6,"R$ 22.000
                      /Mês"
7487,,Jardim América,São Paulo,850,5,4,6,"R$ 50.000
                      /Mês"
7489,,Retiro Morumbi,São Paulo,2000,5,11,30,"R$ 90.000
                      /Mês"
7529,,Sumaré,São Paulo,165,8,3,5,"R$ 8.500
                      /Mês"
7543,Rua do Minho,Jardim Luzitânia,São Paulo,300,4,7,4,"R$ 13.000
                      /Mês"
7590,Rua Alemanha,Jardim Europa,São Paulo,570,5,8,6,"R$ 45.000
                      /Mês"
7591,Rua Engenheiro Sá Rocha,Vila Ida,São Paulo,331,4,4,5,"R$ 19.900
                      /Mês"
7592,,Jardim Guedala,São Paulo,443,4,7,7,"R$ 18.000
                      /Mês"
7620,,Jardim Guedala,São Paulo,496,4,6,4,"R$ 14.000
                      /Mês"
7631,,Brooklin Paulista,São Paulo,300,4,4,6,"R$ 7.500
                      /Mês"
7639,,Jardim América,São Paulo,880,4,3,12,"R$ 65.000
                      /Mês"
7645,Avenida Manoel dos Reis Araújo,Jardim Marajoara,São Paulo,342,5,5,8,"R$ 10.000
                      /Mês"
7646,,Jardim Paulista,São Paulo,500,4,6,8,"R$ 35.000
                      /Mês"
7657,,Sumaré,São Paulo,455,4,7,8,"R$ 25.000
                      /Mês"
7670,Rua Conde de Porto Alegre,Campo Belo,São Paulo,291,3,4,2,"R$ 15.000
                      /Mês"
7672,Praça Monsenhor Galvão de Sousa,Jardim Guedala,São Paulo,563,4,8,6,"R$ 22.000
                      /Mês"
7677,,Jardim América,São Paulo,855,5,4,6,"R$ 50.000
                      /Mês"
7679,,Retiro Morumbi,São Paulo,2005,5,11,30,"R$ 90.000
                      /Mês"
7725,,Jardim Guedala,São Paulo,501,4,6,4,"R$ 14.000
                      /Mês"
7736,,Brooklin Paulista,São Paulo,305,4,4,6,"R$ 7.500
                      /Mês"
7748,Rua Sampaio Vidal,Jardim Paulistano,São Paulo,250,3,5,4,"R$ 7.500
                      /Mês"
7755,,Sumaré,São Paulo,350,3,2,2,"R$ 10.000
                      /Mês"
7786,Rua João Vilhema,Planalto Paulista,São Paulo,175,3,3,2,"R$ 4.800
                      /Mês"
7803,Rua Geraldo Flausino Gomes,Cidade Monções,São Paulo,380,1,7,8,"R$ 20.000
                      /Mês"
7815,,Consolação,São Paulo,322,4,4,10,"R$ 14.000
                      /Mês"
7841,Rua Dom Tomás Costa e Lima,Vila Tramontano,São Paulo,1075,4,5,14,"R$ 50.000
                      /Mês"
7868,Avenida Itacira,Planalto Paulista,São Paulo,636,4,5,4,"R$ 35.000
                      /Mês"
7880,Avenida Manoel dos Reis Araújo,Jardim Marajoara,São Paulo,266,3,3,5,"R$ 9.000
                      /Mês"
7901,Rua João Vilhema,Planalto Paulista,São Paulo,175,3,3,2,"R$ 4.800
                      /Mês"
7918,Rua Geraldo Flausino Gomes,Cidade Monções,São Paulo,380,1,7,8,"R$ 20.000
                      /Mês"
7930,Rua Duque de Caxias,Santo Amaro,São Paulo,7126,7,2,20,"R$ 80.000
                      /Mês"
7935,,Vila Morumbi,São Paulo,503,4,6,6,"R$ 15.000
                      /Mês"
7938,,Vila Madalena,São Paulo,359,4,6,2,"R$ 10.000
                      /Mês"
7953,,Retiro Morumbi,São Paulo,905,4,7,8,"R$ 35.000
                      /Mês"
7977,Rua Jorge Tibiriçá,Vila Mariana,São Paulo,240,3,2,2,"R$ 6.000
                      /Mês"
8000,,Jardim Paulista,São Paulo,650,4,6,8,"R$ 48.000
                      /Mês"
8015,,Consolação,São Paulo,850,9,8,25,"R$ 28.000
                      /Mês"
8047,Rua Barajuba,Alto de Pinheiros,São Paulo,350,4,6,4,"R$ 15.500
                      /Mês"
8054,,Jardim América,São Paulo,606,3,5,10,"R$ 80.000
                      /Mês"
8056,Rua Feliciano Maia,Jardim Paulista,São Paulo,605,5,4,10,"R$ 30.000
                      /Mês"
8062,Rua Veneza,Jardim Paulista,São Paulo,455,3,1,2,"R$ 15.000
                      /Mês"
8094,,Morumbi,São Paulo,750,4,1,6,"R$ 18.000
                      /Mês"
8100,Rua Primavera,Jardim Paulista,São Paulo,355,3,3,4,"R$ 25.000
                      /Mês"
8111,Rua Gregório Paes de Almeida,Vila Madalena,São Paulo,400,3,3,5,"R$ 15.000
                      /Mês"
8136,,Chácara Flora,São Paulo,1300,5,8,9,"R$ 42.000
                      /Mês"
8149,Rua Padre Bruno Ricco,Parque São Lucas,São Paulo,390,5,4,4,"R$ 5.000
                      /Mês"
8163,,Pacaembu,São Paulo,550,4,5,6,"R$ 12.000
                      /Mês"
8169,Rua Deputado Euvaldo Lodi,Retiro Morumbi,São Paulo,1250,4,6,4,"R$ 40.000
                      /Mês"
8178,Rua Veneza,Jardim Paulista,São Paulo,455,3,1,2,"R$ 15.000
                      /Mês"
8211,,Morumbi,São Paulo,755,4,1,6,"R$ 18.000
                      /Mês"
8217,Rua Primavera,Jardim Paulista,São Paulo,355,3,3,4,"R$ 25.000
                      /Mês"
8223,,Sumaré,São Paulo,165,8,3,5,"R$ 8.500
                      /Mês"
8238,Rua do Minho,Jardim Luzitânia,São Paulo,305,4,7,4,"R$ 13.000
                      /Mês"
8250,,Jardim Paulista,São Paulo,900,5,1,10,"R$ 35.000
                      /Mês"
8269,Alameda Canuri,Planalto Paulista,São Paulo,300,3,2,12,"R$ 15.000
                      /Mês"
8281,Rua Vicente Góes e Aranha,Vila Tramontano,São Paulo,735,6,4,6,"R$ 12.000
                      /Mês"
8291,Rua Miralta,Alto de Pinheiros,São Paulo,769,7,8,6,"R$ 13.990
                      /Mês"
8293,Rua Oscar Guanabarino,Aclimação,São Paulo,210,3,2,3,"R$ 7.000
                      /Mês"
8307,,Vila Morumbi,São Paulo,657,3,5,3,"R$ 15.000
                      /Mês"
8343,Rua Ministro Rodrigo Otávio,Jabaquara,São Paulo,180,4,3,2,"R$ 4.300
                      /Mês"
8356,Rua Estados Unidos,Jardim Paulista,São Paulo,230,5,6,5,"R$ 15.000
                      /Mês"
8365,,Jardim Vila Mariana,São Paulo,231,3,3,3,"R$ 5.000
                      /Mês"
8382,Rua Jacques Félix,Vila Nova Conceição,São Paulo,200,3,3,3,"R$ 20.000
                      /Mês"
8388,,Retiro Morumbi,São Paulo,2005,5,11,30,"R$ 90.000
                      /Mês"
8440,Rua Roque Petrella,Vila Cordeiro,São Paulo,271,3,5,4,"R$ 12.000
                      /Mês"
8446,Rua Dona Elisa Pereira de Barros,Jardim Europa,São Paulo,351,5,5,4,"R$ 15.000
                      /Mês"
8452,Rua Antônio Salema,Vila Morse,São Paulo,146,3,2,2,"R$ 3.600
                      /Mês"
8484,,Jardim Petrópolis,São Paulo,652,3,3,3,"R$ 15.000
                      /Mês"
8507,,Sumaré,São Paulo,450,4,7,4,"R$ 19.800
                      /Mês"
8510,Rua Hilário Magro Junior,Butantã,São Paulo,500,5,6,4,"R$ 12.000
                      /Mês"
8511,Rua São Benedito,Santo Amaro,São Paulo,464,4,6,4,"R$ 12.000
                      /Mês"
8523,Rua Jacques Félix,Vila Nova Conceição,São Paulo,200,4,4,4,"R$ 33.000
                      /Mês"
8531,,Jardim América,São Paulo,850,3,5,10,"R$ 68.000
                      /Mês"
8536,,Sumaré,São Paulo,248,3,4,4,"R$ 10.000
                      /Mês"
8556,Rua Cardeal Cagliori,Alto de Pinheiros,São Paulo,350,4,6,4,"R$ 9.400
                      /Mês"
8563,,Jardim Marajoara,São Paulo,665,4,6,10,"R$ 10.000
                      /Mês"
8584,Rua Sampaio Vidal,Jardim Paulistano,São Paulo,255,3,5,4,"R$ 7.500
                      /Mês"
8591,,Sumaré,São Paulo,355,3,2,2,"R$ 10.000
                      /Mês"
8623,,Jardim Paulista,São Paulo,655,4,6,8,"R$ 48.000
                      /Mês"
8641,,Consolação,São Paulo,855,9,8,25,"R$ 28.000
                      /Mês"
8672,Avenida Manoel dos Reis Araújo,Jardim Marajoara,São Paulo,665,4,7,12,"R$ 12.000
                      /Mês"
8690,Rua Atenas,Jardim Europa,São Paulo,300,2,4,4,"R$ 20.000
                      /Mês"
8701,Rua Janaúba,Jardim Panorama D'Oeste,São Paulo,408,4,7,4,"R$ 10.000
                      /Mês"
8711,,Jardim Paulistano,São Paulo,254,3,3,3,"R$ 22.000
                      /Mês"
8743,,Jardim Paulista,São Paulo,655,4,6,8,"R$ 48.000
                      /Mês"
8750,Rua Coelho de Carvalho,Alto da Lapa,São Paulo,150,4,3,1,"R$ 3.900
                      /Mês"
8754,Rua Vasconcelos Drumond,Vila Monumento,São Paulo,250,3,1,4,"R$ 12.000
                      /Mês"
8758,Avenida Piassanguaba,Planalto Paulista,São Paulo,400,4,4,6,"R$ 5.000
                      /Mês"
8773,Rua Angelina Santisi,Vila Mariana,São Paulo,300,3,4,4,"R$ 11.000
                      /Mês"
8819,Rua Jorge Tibiriçá,Vila Mariana,São Paulo,245,3,2,2,"R$ 6.000
                      /Mês"
8839,,Alto de Pinheiros,São Paulo,580,5,6,6,"R$ 28.000
                      /Mês"
8851,Rua Gregório Paes de Almeida,Vila Madalena,São Paulo,405,3,3,5,"R$ 15.000
                      /Mês"
8878,,Chácara Flora,São Paulo,1305,5,8,9,"R$ 42.000
                      /Mês"
8886,Rua Lutfalla Salim Achoa,Vila Mariana,São Paulo,217,3,3,1,"R$ 5.500
                      /Mês"
8943,Rua Santo Eufredo,Jardim Guedala,São Paulo,846,4,8,8,"R$ 30.000
                      /Mês"
8960,Rua São José do Barreiro,Água Rasa,São Paulo,800,6,7,10,"R$ 15.000
                      /Mês"
8975,Rua Gregório Paes de Almeida,Vila Madalena,São Paulo,405,3,3,5,"R$ 15.000
                      /Mês"
9003,,Indianópolis,São Paulo,256,3,5,3,"R$ 8.500
                      /Mês"
9020,Rua Ministro Godói,Perdizes,São Paulo,200,3,1,2,"R$ 6.000
                      /Mês"
9033,,Chácara Santo Antônio (Zona Sul),São Paulo,303,4,7,6,"R$ 10.000
                      /Mês"
9042,Alameda Canuri,Planalto Paulista,São Paulo,305,3,2,12,"R$ 15.000
                      /Mês"
9054,Rua Vicente Góes e Aranha,Vila Tramontano,São Paulo,740,6,4,6,"R$ 12.000
                      /Mês"
9065,Rua Miralta,Alto de Pinheiros,São Paulo,774,7,8,6,"R$ 13.990
                      /Mês"
9067,Rua Oscar Guanabarino,Aclimação,São Paulo,215,3,2,3,"R$ 7.000
                      /Mês"
9092,Rua Doutor Mário Freire,Retiro Morumbi,São Paulo,245,4,2,3,"R$ 8.000
                      /Mês"
9126,Avenida Afrânio Peixoto,Butantã,São Paulo,313,4,2,12,"R$ 15.000
                      /Mês"
9131,Rua Michigan,Cidade Monções,São Paulo,87,3,4,3,"R$ 9.000
                      /Mês"
9155,,Vila Nova Conceição,São Paulo,434,1,1,5,"R$ 45.000
                      /Mês"
9166,Rua Cardoso de Almeida,Perdizes,São Paulo,274,3,3,2,"R$ 8.000
                      /Mês"
9194,,Jardim Paulistano,São Paulo,232,5,4,5,"R$ 9.500
                      /Mês"
9206,,Jardim América,São Paulo,1150,5,8,15,"R$ 100.000
                      /Mês"
9207,,Jardim Morumbi,São Paulo,464,3,4,3,"R$ 8.000
                      /Mês"
9223,Rua Francisco Preto,Vila Morse,São Paulo,150,3,3,2,"R$ 3.600
                      /Mês"
9238,,Granja Julieta,São Paulo,450,4,3,3,"R$ 12.000
                      /Mês"
9243,Rua Califórnia,Brooklin,São Paulo,425,5,6,5,"R$ 15.000
                      /Mês"
9388,Rua José Maria Lisboa,Jardim Paulista,São Paulo,160,2,4,1,"R$ 9.000
                      /Mês"
9391,Avenida Indianópolis,Indianópolis,São Paulo,220,3,4,3,"R$ 10.000
                      /Mês"
9395,Rua Francisco Olandim,São João Clímaco,São Paulo,242,3,3,3,"R$ 4.200
                      /Mês"
9403,Rua Ceará,Consolação,São Paulo,550,4,8,5,"R$ 20.000
                      /Mês"
9426,Rua Aristides da Silveira Lobo,Jardim Prudência,São Paulo,233,3,4,2,"R$ 3.700
                      /Mês"
9439,Rua Iperoig,Perdizes,São Paulo,230,3,4,4,"R$ 11.990
                      /Mês"
9462,Rua Dom Joaquim Luna,Jardim Domitila,São Paulo,200,3,2,4,"R$ 2.500
                      /Mês"
9494,,Vila Mariana,São Paulo,300,3,4,2,"R$ 15.000
                      /Mês"
9535,Rua Groenlândia,Jardim América,São Paulo,500,10,8,15,"R$ 35.000
                      /Mês"
9586,Rua Dom Joaquim Luna,Jardim Domitila,São Paulo,205,3,2,4,"R$ 2.500
                      /Mês"
9609,Avenida Doutor Altino Arantes,Vila Clementino,São Paulo,480,15,8,12,"R$ 20.000
                      /Mês"
9611,Rua Aleutas,Jardim Guedala,São Paulo,562,4,4,4,"R$ 9.000
                      /Mês"
9636,,Vila Mariana,São Paulo,305,3,4,2,"R$ 15.000
                      /Mês"
9654,Rua Raul Pompéia,Vila Pompéia,São Paulo,145,3,3,1,"R$ 5.500
                      /Mês"
9657,,Jardim Europa,São Paulo,750,4,7,6,"R$ 30.000
                      /Mês"
9707,Rua Rosa Anacleto Fernandes,Vila Nova Conceição,São Paulo,100,2,2,2,"R$ 9.000
                      /Mês"
9710,Rua Oscar Carmilo,Vila União(Zona Norte),São Paulo,100,3,1,1,"R$ 1.980
                      /Mês"
9743,Rua Rosa Anacleto Fernandes,Vila Nova Conceição,São Paulo,105,2,2,2,"R$ 9.000
                      /Mês"
9746,Rua Oscar Carmilo,Vila União(Zona Norte),São Paulo,105,3,1,1,"R$ 1.980
                      /Mês"
9771,,Parque da Mooca,São Paulo,680,12,5,3,"R$ 15.000
                      /Mês"
9776,Rua Oscar Guanabarino,Aclimação,São Paulo,300,3,3,3,"R$ 7.000
                      /Mês"
9777,Rua Euclides de Andrade,Jardim Vera Cruz,São Paulo,236,3,3,4,"R$ 5.900
                      /Mês"
9804,Rua São José do Barreiro,Água Rasa,São Paulo,805,6,7,10,"R$ 15.000
                      /Mês"
9809,Rua Atlântica,Jardim América,São Paulo,600,3,5,4,"R$ 24.500
                      /Mês"
9812,Rua Fonseca da Costa,Bosque da Saúde,São Paulo,650,5,2,12,"R$ 11.000
                      /Mês"
9826,Rua Pacobá,Jardim Panorama,São Paulo,503,4,9,4,"R$ 13.000
                      /Mês"
9844,Rua Stela Marina,Brooklin Paulista,São Paulo,386,5,5,2,"R$ 7.700
                      /Mês"
9874,Rua Ministro Godói,Perdizes,São Paulo,205,3,1,2,"R$ 6.000
                      /Mês"
9887,,Chácara Santo Antônio (Zona Sul),São Paulo,308,4,7,6,"R$ 10.000
                      /Mês"
9905,Rua Professor Henrique Neves Lefevre,Jardim Petrópolis,São Paulo,200,3,2,1,"R$ 6.000
                      /Mês"
9934,Rua Manuel Onha,Vila Oratório,São Paulo,180,3,2,2,"R$ 2.200
                      /Mês"
9941,Rua Professor Henrique Neves Lefevre,Jardim Petrópolis,São Paulo,205,3,2,1,"R$ 6.000
                      /Mês"
9970,Rua Manuel Onha,Vila Oratório,São Paulo,185,3,2,2,"R$ 2.200
                      /Mês"
9977,Rua Professor Henrique Neves Lefevre,Jardim Petrópolis,São Paulo,205,3,2,1,"R$ 6.000
                      /Mês"
10006,Rua Manuel Onha,Vila Oratório,São Paulo,185,3,2,2,"R$ 2.200
                      /Mês"
